id,step,contents,post_id
1,1,삶은 시래기는 먹기 좋은 길이로 썰어요.,1
2,2,"먹기 좋게 썬 시래기에 된장 1.5T, 고추장 1T, 다진 마늘 1T, 참치액 2T, 고춧가루 1T, 후추 약간을 넣고 조물조물 무쳐준 뒤, 10분간 재워요.",1
3,3,"시래기에 양념이 스며드는 동안 부추는 4cm 간격으로, 청양고추와 대파는 송송 썰어요.",1
4,4,꽁치통조림 1캔과(400g크기 캔 사용) 통조림 국물 120ml는 믹서기에 넣고 곱게 갈아주세요.,1
5,5,"냄비에 꽁치 갈은 것, 시래기, 물 800ml를 넣고 끓여요.",1
6,6,꽁치시래기 추어탕이 한소끔 끓으면 중불에서 10분간 끓여요.,1
7,7,"10분 뒤, 송송 썬 대파 적당량과 들깨가루 2큰술을 넣고 한소끔 끓여줍니다.",1
8,8,"마무리로 부추와 들깨가루 1숟가락, 송송 썬 청양고추를 취향껏 넣어서 드시면 됩니다.",1
9,1,"두부(300g), 애호박은 한입 크기로 썰어요.",2
10,2,대파는 송송 썰어 준비해요.,2
11,3,"볼에 된장(60g), 다진 마늘 (10g), 고춧가루(3g), 물 50ml를 넣어 섞어 된장을 잘 풀어 양념장을 만들어요.",2
12,4,"예열된 팬에 기름을 조금 두르고 소고기, 맛술, 후추를 넣어 볶아요.",2
13,5,고기가 익으면 애호박을 넣어 볶아요.,2
14,6,애호박이 살짝 투명해 지면 두부를 넣어 두부가 부서지지 않게 부드럽게 볶아요.,2
15,7,볶아진 재료에 양념장을 넣어요.,2
16,8,물 150ml를 넣고 약 5분간 끓여요.,2
17,9,대파를 넣어 섞어 완성해요.,2
18,1,두부는(300g) 물기를 제거해요.,3
19,2,"새송이버섯, 청양고추는 다져서 준비해요.",3
20,3,"볼에 두부, 새송이버섯, 청양고추, 달걀, 다진 마늘, 부침가루, 깨소금, 참기름, 소금, 후추를 넣어 버무려요.",3
21,4,앞 뒤로 노릇하게 부쳐 완성해요.,3
22,1,대파는 두께 1cm 정도로 송송 썰어 준비한다.,4
23,2,"홍고추는 두께 0.5cm로 어슷 썰고, 청양고추는 두께 0.3cm로 송송 썬다.",4
24,3,주키니호박은 세로로 반 갈라 3등분으로 자른 후 두께 1cm로 썰어 준비한다.,4
25,4,감자는 반 자른 상태에서 3등분 한 후 두께 0.3cm로 편 썰어 준비한다.,4
26,5,무는 감자와 같은 모양으로 자른 후 두께 0.3cm로 편 썰어 준비한다.,4
27,6,"양파는 약 2cm 크기로 깍둑썰기 하고, 느타리버섯은 한가닥씩 찢어 준비한다.",4
28,7,두부는 사방 2cm 두께 1cm 정도로 썰어 준비한다.,4
29,8,냄비에 차돌박이를 넣고 강불에 올린 후 노릇노릇하게 익어 기름이 나올 때까지 굽는다.,4
30,9,"물, 재래식 된장, 고추장을 넣고 잘 풀어준 후 끓으면 간 마늘, 굵은 고춧가루, 양파, 감자, 무를 넣고 강불에 끓인다.",4
31,10,"국물이 다시 한 번 끓어 오르면 느타리버섯, 애호박을 넣고 약 5분 정도 끓인다.",4
32,11,"뚝배기에 1/2양을 옮겨 담아 강불에 올린 후 끓어오르면 불을 끄고 두부, 대파, 청양고추, 홍고추 1/2양을 넣어 완성한다.",4
33,1,"등갈비는 약 1시간 30분 정도 흐르는 물에 핏물을 제거하여 준비한다.
   * 핏물 제거 시 등갈비를 위아래 섞어서 핏물이 고이지 않도록 중간에 2~3번 물을 갈아준다.
   * 시간이 부족해 핏물 제거를 하지 못한다면 물에 헹궈내 뼛가루를 제거한다.",5
34,2,"깊은 프라이팬이나 냄비에 초벌용 물을 넣고 끓인다. * 등갈비를 삶을 때 대파, 양파, 월계수잎을 넣어주면 잡내를 잡을 때 좋다.",5
35,3,물이 끓어오르면 등갈비를 넣고 약 7~10분 정도 삶는다.,5
36,4,삶은 등갈비는 채반에 밭쳐 건져낸 후 흐르는 물에 헹궈 굳은 피와 이물질을 제거하여 준비한다.,5
37,5,"고명용 대파는 두께 0.3cm로 송송 썰고, 양념에 들어가는 대파는 두께 0.5cm로 송송 썰어 준비한다.",5
38,6,양파는 두께 0.5cm로 채 썰어 준비한다.,5
39,7,"깨끗한 냄비에 삶은 등갈비, 조림용 물, 황설탕, 물엿, 맛술을 넣고 강불에 끓인 후 끓어오르면 약 5분 정도 더 끓인다.",5
40,8,"양파, 대파 양념용, 고운 고춧가루, 간 마늘, 진간장을 넣고 약 30분 끓인다. * 고운 고춧가루는 매운 고춧가루를 사용해도 좋다.",5
41,9,떡을 넣고 약 5분간 끓여 떡이 말랑말랑해지면 불을 끈다.,5
42,10,"완성 냄비에 등갈비와 양념장을 모두 옮겨 담은 후 모차렐라 치즈와 고명용 대파, 후춧가루를 골고루 뿌린다.",5
43,11,뚜껑을 덮고 약불에 올려 치즈가 완전히 녹을 때 까지 약 3분 정도 끓여 완성한다. * 밑바닥이 탈 수 있으니 화력에 따라 시간을 조절한다.,5
44,1,"얇게 자른 불고기용 소고기 600g 에 아래의 재료를 넣고 섞은 후 하루동안 숙성시킨다. 얇게 자른 불고기용 소고기 600g 에 아래의 재료를 넣고 섞은 후 하루동안 숙성시킨다.
불고기용 소고기 600g, 다진 대파 100g, 진간장 40ml, 갈아만든 배 40ml, 다진마늘 1숟가락, 미원 0.3숟가락, 설탕 2숟가락",6
45,2,하루 뒤 팬에 숙성시킨 고기를 넓게 펴고 종이호일을 깐 다음 무거운 걸로 눌러서 노릇노릇하게 구워준다.,6
46,3,노릇노릇하게 구워진 불고기에 참기름과 참깨 뿌려주면 바싹 불고기 완성!,6
47,1,끓는 물에 메밀면 150g 을 넣고 삶은 후 면이 익으면 얼음물에 넣고 헹궈준다.,7
48,2,"물기를 턴 메밀면에 아래의 재료를 넣고 잘 섞는다.
메밀면 150g, 진간장 3T, 들기름 3T, 설탕 1T, 매실청 1T",7
49,3,"국수 위에 아래의 재료들을 뿌려주면 들기름 막국수 완성!
김자반, 빻은 참깨",7
50,4,"완성된 들기름 막국수에 아래의 재료를 넣고 만든 참나물무침과 함께 먹으면 더욱 더 고급진 맛을 느낄 수 있다!
참나물 100g, 진간장 1T, 고춧가루 0.5T, 설탕 0.5T, 식초 0.5T",7
51,1,깊은 볼에 한입 크기로 자른 소고기를 넣고 잘 풀어서 준비한다.,8
52,2,"소고기에 황설탕, 물엿, 간 마늘을 넣고 골고루 버무려 약 10~20분 정도 재운다. Tip: 설탕의 분자가 다른 양념류보다 크기 때문에 가장 먼저 넣어서 단맛을 배게 한다.",8
53,3,표고버섯은 기둥을 제거하고 두께 0.3cm 정도로 얇게 썬다.,8
54,4,"대파, 홍고추는 두께 0.5cm 정도로 어슷썰어 준비한다.",8
55,5,양파는 꼭지를 제거하고 두께 0.5cm 정도로 채썰어 준비한다.,8
56,6,"재워둔 소고기에 진간장을 넣고 고기가 부서지지 않도록 조심히 섞어준 후 양파, 대파, 홍고추, 표고버섯을 넣어 섞는다.",8
57,7,"채소 위에 후춧가루, 참기름을 넣고 섞는다. Tip: 다음날 사용한다면 대파만 넣어서 냉장 보관하여 사용 당일 나머지 채소를 넣어 조리한다.",8
58,8,팬을 강 불에 올려 예열하고 소불고기를 올려 재료를 집게나 젓가락으로 잘 풀어주면서 볶는다. Tip: 기호에 따라 MSG 1/4큰술 정도를 넣어 볶는다.,8
59,9,완전히 익은 소불고기를 접시에 담고 통깨를 뿌려 완성한다.,8
60,1,닭정육을 포크로 찔러서 구멍을 내고 키친타올로 물기를 제거해요.,9
61,2,분량의 재료를 섞어서 닭갈비 양념을 만들어요.,9
62,3,닭정육을 한장씩 넣어서 양념을 골고루 버무려요.,9
63,4,양배추는 심을 자르고 큼직하게 썰어요.,9
64,5,고구마는 스틱모양으로 썰어요.,9
65,6,깻잎은 반으로 자르고 큼직하게 채 썰어요.,9
66,7,대파는 어슷 썰어요.,9
67,8,"예열한 팬에 식용유를 넉넉하게 두르고 대파, 양배추, 고구마을 넣고 강불에서 볶아요.",9
68,9,볶음 채소를 한쪽으로 몰고 빈 공간에 닭고기를 넣고 중불에서 볶아요.,9
69,10,닭고기가 탱탱하게 익으면 먹기 좋게 자르고 양념을 한국자씩 추가해서 볶아요.,9
70,11,채소가 숨이 죽으면 깻잎과 떡을 넣고 한 번 더 볶아서 마무리해요.,9
71,12,달군 팬에 마요네즈와 다진마늘을 넣고 마늘이 갈색이 될 때 까지 볶아요.,9
72,13,물기를 뺀 옥수수 통조림을 넣고 강불에서 같이 볶아서 수분을 날려요.,9
73,14,옥수수와 치즈를 섞어서 녹여요.,9
74,15,뚜껑을 덮고 약불에서 5분정도 익혀서 닭갈비와 곁들여요.,9
75,1,신 김치는 가위를 이용하여 잘게 자른다. (신 김치가 아니면 양조식초를 넣어주면 된다.),10
76,2,대파와 청양고추는 송송 썬다.,10
77,3,소시지는 최대한 얇게 편 썬다.,10
78,4,"큰 볼에 신 김치, 대파, 청양고추, 소시지를 넣고 섞는다.",10
79,5,"고운 고춧가루, 황설탕, 부침가루, 물을 넣어 뭉치지 않게 섞는다.",10
80,6,프라이팬을 달군 뒤 식용유를 넉넉히 두르고 반죽을 넣어 얇게 편다.,10
81,7,반죽이 익기 시작하면 팬을 돌려가며 기름이 김치전 안쪽으로 들어가게 한다.,10
82,8,가장자리 윗부분이 익기 시작하면 뒤집는다.,10
83,9,뒤집은 후 팬을 돌려가면서 부쳐주고 완전히 익으면 다시 한번 뒤집어 익힌 뒤 완성한다.,10
84,1,대파와 당근은 작은 크기로 다지듯이 잘게 썬다.,11
85,2,그릇에 달걀을 깨뜨려 담고 소금과 설탕을 넣는다.,11
86,3,젓가락으로 저어 달걀을 푼다.,11
87,4,달걀에 채소를 넣고 섞는다.,11
88,5,팬에 식용유를 두르고 달군 뒤 약불에서 달걀물을 반쯤 붓는다.,11
89,6,달걀의 가장자리가 익고 윗면이 마르기 시작하면 말아준다.,11
90,7,달걀말이를 다시 뒤집어 팬 앞쪽으로 밀고 달걀물을 다시 부어 말아준다.,11
91,8,달걀물을 다 사용할 때 까지 반복한다.,11
92,9,달걀말이의 모양을 잡아가며 완전히 익힌다.,11
93,10,완성 된 달걀말이는 알맞은 크기로 썰어 완성한다.,11
94,1,바지락은 해감하여 깨끗하게 세척한다.,12
95,2,"냄비에 물, 라면 스프, 된장, 건미역, 바지락을 넣어 끓인다.",12
96,3,"청양고추, 대파는 어슷 썰어 준비한다.",12
97,4,"물이 끓으면 라면, 고춧가루, 멸치 액젓을 넣어 끓인다.",12
98,5,면이 반 정도 익으면 달걀을 잘 풀어 넣고 청양고추를 넣는다.,12
99,6,면이 알맞게 익으면 대파를 넣어 완성한다.,12
100,1,스팸을 크게 4등분으로 나눈뒤 다시 2등분으로 나눠 줍니다.,13
101,2,깻잎 앞뒷면에 밀가루를 얇게 발라줍니다. 그 다음 스팸을 깻잎으로 잘 감싸줍니다.,13
102,3,넓은 그릇에 계란물을 만들어 깻잎을 충분히 적셔줍니다. 스팸이 짭짤해서 계란에는 간을 하지 않아요.,13
103,4,깻잎 말린 끝이 바닥으로 가게 해서 달궈진 팬에 기름을 두르고 약불에서 구워주심 끝!!!,13
104,5,초간단 밥도둑반찬 깻잎스팸전 완성입니다,13
105,6,"한개 먹어보니 깻잎의 향과 스팸,계란이 만나 넘 맛있어요. 반찬으로도 좋고 술안주로도 좋을듯 하네요",13
106,1,"먼저 볼에 계란2개, 참치 2T 넣고 대파는 가위로 쫑쫑 썰어 줍니다.",14
107,2,"계란과 참치, 대파를 골고루 잘 섞어 줍니다.
이따 간장으로 간을 할 거라서 따로 소금간은 하지 않으셔도 됩니다.",14
108,3,달궈진 팬에 기름 살짝 두르고 방금 만든 참치계란물로 스크램블 에그를 만듭니다.,14
109,4,"넓은 그릇에 밥1공기,방금 만든 스크럼블 에그 간장, 참기름,깨를 넣고 잘 비벼주시면 끝!",14
110,5,바쁜 출근길 한끼 식사로 추천 드리고 싶은 초초간단 '참치계란간장밥'완성입니다.,14
111,6,"한입 먹어보니 참치와, 깨, 참기름의 고소한 맛에 대파향이 어우러져 넘 맛있어요",14
112,1,"팬에 아래의 재료를 넣고 볶는다.
식용유 4T, 돼지고기 300g, 양배추 500g",15
113,2,"양배추의 숨이 죽으면 아래의 재료를 넣고 양념을 한다.
된장 3T, 쌈장 1T, 다진마늘 1T, 진간장 1T, 미림 1T, 다시다 1/2T",15
114,3,"양념한 양배추에 아래의 재료를 넣고 재료가 모두 익을 때까지 볶는다.
양파 220g, 감자 150g, 애호박 120g, 새송이버섯 80g, 대파 100g, 청양고추, 으깬 두부 300g",15
115,4,"재료가 모두 익으면 아래의 재료를 넣고 살짝만 볶아주면 완성!
깨끗하게 씻은 묵은지 300g, 참기름 2T, 고춧가루",15
116,5,함께 먹을 호박잎은 찜기에 넣고 딱 3분간만 쪄준다.,15
117,1,연두부를 접시에 뒤집어 올려줍니다.,16
118,2,어린잎채소나 새싹채소를 연두부위에 올려줍니다.,16
119,3,"분량의 양념장에 양파,파프리카를 다져넣고 연두부위에 뿌려주면 완성.",16
120,4,"양념장은 연두부 2팩 정도 분량입니다. 반정도 뿌리시고,입맛에따라 양념장을 더 올려서 드시면됩니다.",16
121,1,냄비에 육수재료를 넣고 끓여줍니다.,17
122,2,"물이 끓기 시작하면 약불로 줄이고, 다시마는 건져내서 계속 끓여줍니다.",17
123,3,국간장과 소금으로 간을 해줍니다.,17
124,4,"육수는 뜨겁게 사용하셔도 되고, 여름에는 차게 식혀 사용하셔도 됩니다.",17
125,5,"애호박과 당근은 채썬 후, 오일 두른 팬에 소금과 함께 살짝 볶아줍니다.",17
126,6,"계란은 소금을 넣어 잘 풀어주고, 팬에 달걀물을 부어 지단을 만들어 줍니다.",17
127,7,완성한 지단은 완전히 식은 후 채썰어주세요.,17
128,8,끓는 물에 소면을 넣고 삶아줍니다. 물이 끓어오를때마다 찬물을 조금씩 2~3회 정도 부어가며 삶으면 면이 더욱 탱탱해져요.,17
129,9,삶은 소면은 찬물에 씻어 체에 밭쳐 물기를 제거해줍니다.,17
130,10,"그릇에 소면, 육수, 고명을 담아 완성합니다.",17
131,1,채썬 무에 올리고당 5숟가락을 넣고 3시간 이상 재운다.,18
132,2,"3시간 뒤 무에서 나온 물은 걸러주고 아래의 재료를 넣고 양념을 한다.
대파 100g, 고춧가루 8T, 멸치액젓 4T, 미림 4T, 설탕 2T, 다진마늘 1T, 맛소금 0.3T",18
133,3,시중에서 파는 김치 600g 에 양념한 무채를 넣고 버무리면 완성!,18
134,4,앞다리살 중에 비계가 적절하게 섞여있는 구이용 부위를 두툼하게 썰어준다.,18
135,5,찜기에 앞다리살과 소주를 넣고 40분간 쪄주면 완성!,18
136,6,완성된 보쌈김치와 수육을 함께 먹으면 보쌈 완성!,18
137,1,프라이팬에 삼겹살을 한장 한장 펼치고 황설탕을 뿌려 노릇하게 굽는다.,19
138,2,"삼겹살이 구워지면 물을 넣고 굵은고춧가루, 간마늘, 간장을 넣어 끓인다.",19
139,3,전체적으로 양념이 섞이면 김치를 넣어 볶아준다.,19
140,4,"양파, 당근을 넣어 살짝 볶은 후 청고추, 홍고추, 대파를 넣고 불을 끈다.",19
141,5,골고루 섞은 후 참기름을 뿌려 섞는다.,19
142,6,끓는물에 참기름을 넣고 두부를 통으로 데쳐낸다.,19
143,7,접시에 두부를 담고 먹기 좋게 썰어준다.,19
144,8,한 쪽에 볶은 김치를 담고 깨소금을 뿌려 완성한다.,19
145,1,준비한 채소를 곱게 채썰어줍니다.,20
146,2,"그릇에 채소, 회, 초고추장, 참깨를 순서대로 담아줍니다.",20
147,3,냉동실에 얼려두었던 냉면육수를 부어 완성합니다. 재료들을 잘 섞은 후 드세요!,20
148,1,당면을 미지근한 물에서 1시간 정도 불려줍니다.,21
149,2,"간장, 설탕, 다진마늘, 후추, 참기름, 참깨를 섞어 양념장을 만들어 줍니다.",21
150,3,"그릇에 당면, 소고기, 양념장 2/3를 넣고 버무린 후, 그 위에 양파, 당근을 올리고, 랩을 씌운 후 전자레인지에 5분간 돌려줍니다.",21
151,4,"익은 잡채를 잘 섞고, 시금치를 올려 다시 전자레인지에 3분간 돌려줍니다.",21
152,5,나머지 1/3 양념장을 넣고 골고루 섞어 완성해줍니다.,21
153,1,"그릇에 돼지고기, 간장 3T, 후추, 다진 마늘 1T을 넣고 잘 섞어주세요.",22
154,2,"양념장을 위해 간장 3T, 고춧가루 7T, 물엿 6T, 다진마늘 2T, 간양파 2T, 소주 1T, 참기름과 후추 조금을 섞어주세요.",22
155,3,"양파, 당근, 파를 썰어주세요. 냉장고에 있는대로!",22
156,4,돼지고기를 볶아주세요.,22
157,5,양념장 넣고 계속 볶아주세요.,22
158,6,"양파, 당근 파를 넣고 센불에서 빠르게 볶아 완성합니다.",22
159,1,무는 사방 3cm 정도로 편 썰기 하고 양파는 굵게 채 썬다.,23
160,2,대파는 0.5cm 정도로 두껍게 송송 썰어 준비한다.,23
161,3,"청양고추, 홍고추는 줄기를 제거하고 어슷하게 썰어준다.",23
162,4,낮은 냄비에 무와 쌀뜨물 2.5컵을 넣고 중불에서 끓인다.,23
163,5,전은 한 입 크기로 먹기 좋게 자른다.,23
164,6,무가 익으면 불을 끄고 전을 돌려 담고 쌀뜨물 1컵을 추가하여 약불에서 끓인다.,23
165,7,"냄비 가운데에 양파, 대파, 새우젓, 국간장, 간 마늘, 고춧가루를 넣어 간을 맞춘다.",23
166,8,"간이 짭짤하게 맞으면 홍고추, 청양고추를 넣는다.",23
167,9,마지막에 쌀뜨물 1.5컵 정도를 추가하여 끓어오르면 불을 끄고 마무리한다.,23
168,1,쌀뜨물을 이용해서 김치찌개를 만들거예요. 쌀뜨물은 첫번째 물이 아닌 2번째난 3번째를 사용하셔야 좋아요. 파는1/2를 준비해주세요.,24
169,2,돼지고기 목살을 900g을 준비해 주신다음 먹기 좋은 크기로 잘라주세요 김치는 300g을 준비합니다. 파는 송송 썰어주세요. 고기와 김치의 비율은 1:3의 비율이랍니다.,24
170,3,김치찌개를 끓일 냄비에 쌀뜨물700ml(종이컵5컵)을 넣어주세요.,24
171,4,돼지고기목살(or삼겹살)을 넣어주세요.,24
172,5,된장찌개를 1/2T 넣어줍니다. 된장을 넣어주면 돼지고기의 잡냄새 제거와 깊은맛을 내준다고 한답니다.,24
173,6,"김치찌개의 제일 중요포인트 김치를 넣어주세요 아무리 좋은재료들이라도, 김치자체가 맛없으면 김치찌개의 맛을 좌지우지 하죠",24
174,7,김치를 넣고 끓어 오르기 시작하면 다진마늘 1T을 넣어줍니다.,24
175,8,그리고 국간장을 1T 넣어주세요.,24
176,9,"마지막으로 새우젓으로 간을 해주세요 백종원님은 1T을 넣으라고 했는데, 전 간을 보니 간간해서 1/2T만 넣어주었습니다.",24
177,10,마지막으로 청양고추와 대파를 넣고 한소큼 끓이면 백종원표 김치찌개 완성! 생각보다 만드는 법도 어렵지 않아요,24
178,1,"양파 1/2개, 대파 1/2뿌리, 청양고추 1~2개는 잘게 썰어주고 참치캔 1개 기름을 빼서 준비합니다",25
179,2,"고춧가루 1T, 다진마늘 1/2T, 된장 1T, 고추장 1T, 설탕 1T, 물 3T 모두 다 잘 섞어주세요",25
180,3,"팬에 기름을 두른 후 미리 섞어둔 양념을 살짝 볶은 후 야채를 넣어주세요 그리고 물 50ml 추가로 넣어 볶다가 참치캔을 넣고 한번 더 섞어 주면 완성입니다 마지막으로 참기름 1큰술, 통깨 솔솔",25
181,4,양배추는 가운데 부분을 네모모양으로 남긴 후 사방을 잘라주세요,25
182,5,깨끗하게 씻은 후 네모모양의 양배추를 전자레인지 3분 익혀주세요,25
183,6,"두부 1/2모, 소금 약간 뿌려 전자레인지에 1~2분 데워준 후 먹기 좋게 썰어주세요",25
184,7,"양배추 잎위에 참치쌈장, 두부 올려 돌돌돌 말아주면 완성입니다.",25
185,8,"밥을 넣어 먹어도 맛있지만, 밥 대신 두부와 참치쌈장을 넣어 드시면 든든한 한끼로 손색이 없네요",25
186,1,양배추는 한 장씩 떼어 볼에 담아 물을 약 반컵 정도 넣어 랩을 덮어 전자레인지에 약 4~5분 익혀 낸다.,26
187,2,"당근, 파프리카, 새송이 버섯은 채 썰어 준비한다.",26
188,3,끓는 물에 새송이 버섯을 넣어 익혀 낸 후 닭가슴살을 넣어 익혀 잘게 찢어 준비한다.,26
189,4,"양배추, 깻잎, 채 썬 채소, 닭가슴살 순서로 올려 김밥 말듯이 감싼다.",26
190,5,한 입 크기로 썰어 완성한다.,26
191,6,"볼에 소스 재료들을 넣고 섞어 소스를 만들어 곁들인다.
된장 1T , 마요네즈 1T , 참깨 1T , 맛술 1T , 설탕 1/2T , 물 3T
Tip – 다이어트 시에는 소스는 빼고 먹어요~!",26
192,1,버섯과 채소는 모두 한입 크기로 썬다.,27
193,2,"볼에 버섯, 채소를 담고 소금, 후추, 올리브오일을 뿌려 섞는다.",27
194,3,에어프라이어 바스켓에 섞은 재료를 담고 180도 온도에서 10분간 돌려 완성한다.,27
195,1,"대파, 홍고추는 어슷썰기하고 표고버섯은 가늘게 편 썬다.",28
196,2,양파는 굵게 채 썰고 일부는 작게 자른 후 믹서기에 갈아 준비한다.,28
197,3,"믹싱 볼에 쇠고기, 설탕, 물엿을 넣고 섞은 후 10분 정도 재운다.",28
198,4,"재워진 고기에 진간장, 간 양파, 다진 마늘, 후춧가루, 참기름을 넣고 골고루 섞는다.",28
199,5,"양념한 고기에 양파, 표고버섯, 홍고추, 대파를 넣고 섞는다.",28
200,6,예열된 팬에 불고기를 넣고 볶은 후 통깨를 뿌려 마무리한다.,28
201,1,콩나물은 가볍게 세척하여 준비한다.,29
202,2,양파는 가늘게 채 썰어 준비한다.,29
203,3,청양고추는 반으로 갈라 잘게 썰어준다.,29
204,4,"냄비에 물을 넣어 끓어오르면 콩나물, 면, 건더기 수프, 양파를 넣고 삶아 얼음 물에 헹군다.",29
205,5,"물, 라면 수프, 진간장, 식초, 설탕을 잘 섞어준다.",29
206,6,청양고추는 육수와 고명에 나눠서 사용한다.,29
207,7,완성 그릇에 삶아낸 채소와 면을 담고 청양고추를 올린 후 육수를 부어 완성한다.,29
208,1,"먼저 간장1T, 굴소스 2T, 설탕 1/2T, 후추 조금, 소주 1T로 양념장 부터 만들어 주세요.",30
209,2,"팬에 기름을 붓고 채썬 마늘, 양파를 달달 볶아주세요.",30
210,3,마늘과 양파가 어느정도 익었으면 소고기도 같이 볶아줍니다.,30
211,4,고기의 핏기가 안보이면 바로 숙주도 얹습니다.,30
212,5,숙주의 숨이 죽을때까지 달달 볶다가 양념장을 부어줍니다.,30
213,6,그리고 부족한 간은 굴소스로 맞춰주시면 되요~,30
214,7,"덮밥, 술안주, 밥반찬으로도 좋은 소고기 숙주볶음 완성~ 간단한 레시피로 집에서도 빠르게 해먹을 수 있어요~",30
215,1,돼지꼬리를 한 입 크기로 자른다.,31
216,2,"끓는 물에 아래 재료를 넣고 10분간 삶는다. 
된장 1T, 돼지꼬리",31
217,3,"10분 뒤 압력솥에 아래의 재료를 넣고 쎈불로 끓인다.
깨끗하게 씻은 돼지꼬리, 물, 진간장 180ml (종이컵 기준 1컵), 소주 180ml (종이컵 기준 1컵), 통후추 1T, 월계수잎 3장, 생강 15g
* 압력추가 움직이면 중불로 낮추고 20분간 더 끓인다.",31
218,4,"팬에 아래의 재료를 넣고 볶는다.
육수 100ml, 물엿 90ml (종이컵 기준 1/2컵), 고운 고춧가루 6T, 맛술 4T, 설탕 3T, 고추장 2T, 미원 0.5T, 마늘 40g",31
219,5,"양념이 쫄아들면 아래의 재료를 넣고 섞어주면 완성!
페퍼론치노 (취향껏), 대파 100g, 화유 1T",31
220,1,애호박을 채 썰어주세요.,32
221,2,당근도 채 썰고 청양고추랑 홍고추는 다져주세요.,32
222,3,애호박은 천일염 1/2T 넣어 잘 섞은 후 20분 절입니다.,32
223,4,20분 후에 물기가 생긴 애호박을 깨끗한 면포에 담아서 물기를 꾹꾹 짜주세요.,32
224,5,"이제 모든 재료(애호박, 당근, 청양고추, 홍고추, 부침가루 2T)을 볼에 넣어 잘 섞어주세요.
구울 때 애호박에서 수분이 나오기 때문에 물은 넣을 필요 없이 퍽퍽하게 되면 완성입니다.",32
225,6,"예열된 프라이팬에 기름을 넉넉하게 두르고 먹기 좋은 크기로 떠서 앞뒤로 잘 구워주세요.
자꾸 뒤집으면 찢어질 수 있으니 충분히 익은 후에 뒤집어 줍니다.",32
226,7,"간장 종지에 간장 1T, 양조식초 1T, 고춧가루 조금 넣어서 찍어 먹을 소스를 만듭니다.
애호박에 충분히 간이 배어서 생략해도 됩니다.",32
227,1,"숙주는 손질해 두고, 미나리, 당근도 채 썰어 준다.",33
228,2,"대패삼겹살에 숙주, 미나리, 당근을 넣고 돌돌 말아준다.",33
229,3,삼발이 위에 돌돌 말은 것을 올려 쪄낸다.,33
230,1,자른 건미역은 물에 불린 후 씻어 체에 건져 물기를 빼 줍니다.,34
231,2,냄비에 준비한 미역을 담고 두부 300g을 깍뚝썰기로 잘라 넣고 다진마늘 1큰술을 넣어 줍니다.,34
232,3,그리고 다시마 멸치육수 6컵을 부어 줍니다.,34
233,4,그리고 된장 3큰술을 넣고 덩어리 없이 풀어 넣고 끓여 줍니다.,34
234,5,국물이 우러나도록 고르게 팔팔 끓으면 밑동을 자르고 반으로 자른 팽이버섯 1/2봉지를 넣고 한번 더 끓여 주시면 되겠습니다.,34
235,1,대파는 어슷 썰거나 반으로 갈라 길게 썰어 준비한다.,35
236,2,"양배추, 어묵은 먹기 좋은 크기로 썰어 준비한다.",35
237,3,"냄비에 물, 진간장, 황설탕, 고추장, 굵은고춧가루, 고운고춧가루, 대파, 양배추를 넣어 끓인다.",35
238,4,떡볶이떡은 흐르는 물에 가볍게 세척한다.,35
239,5,"육수가 끓으면 삶은달걀, 떡을 넣고 함께 끓여준다.",35
240,6,기호에 맞게 MSG를 넣는다.,35
241,7,떡을 넣고 육수가 끓어오르면 어묵을 넣어준다.,35
242,8,양념장이 걸쭉하게 졸아들 때까지 끓여 완성한다.,35
243,1,큰 볼에 밀가루를 체에 내려준다.,36
244,2,소금을 넣어 섞어준다.,36
245,3,물을 조금씩 넣어가면서 숟가락을 이용하여 섞어준다.,36
246,4,반죽이 뭉치기 시작하면 손을 이용하여 반죽한다.,36
247,5,봉지에 반죽을 넣고 공기가 안 들어가도록 묶어 10분 정도 숙성시킨다.,36
248,6,"냄비에 물, 멸치가루를 넣어 끓인다.",36
249,7,"육수가 끓으면 신김치, 간마늘, 고춧가루, 국간장, 멸치액젓을 넣어 끓인다.",36
250,8,"애호박은 채 썰고 청양고추, 대파는 송송 썰어 준비한다.",36
251,9,육수의 간을 보고 불을 줄인 후 수제비 반죽을 뜯어 넣는다.,36
252,10,한번 끓어오르면 채소를 넣고 끓인다.,36
253,11,수제비가 익으면 완성접시에 담고 기호에 따라 후춧가루를 뿌린다.,36
254,1,두부는 약 1.5cm두깨로 썰어요.,37
255,2,팽이버섯은 먹기 좋게 가닥가닥 가르고 반으로 잘라요.,37
256,3,대파는 송송 썰어 준비해요.,37
257,4,"양념 재료인 간장, 맛술, 다진마늘, 올리고당, 고춧가루, 후추를 섞어 양념장을 만들어요.",37
258,5,예열된 팬에 들기름을 2숟가락 두르고 두부를 넣어 한쪽면을 노릇하게 구워요.,37
259,6,두부를 뒤집어 준 후 팽이버섯을 올려요.,37
260,7,팽이버섯 위에 양념장을 올리고 물을 조금 부어 뚜껑을 닫아 약 3~5분간 익혀요. 약불로 타지 않게 졸여주세요.,37
261,8,뚜껑을 열어 대파를 넣고 양념을 숟가락을 이용해 고루 펴 준 후 뚜껑을 닫아 1분간 익혀 완성해요.,37
262,1,팬에 식용유를 두르고 달궈준다.,38
263,2,김밥을 넣고 잘게 부숴주며 볶는다.,38
264,3,김밥을 고루고루 볶아주고 완성 접시에 담아 마무리한다.,38
265,1,메추리알과 스팸하나면 반찬걱정 끝!,39
266,2,스팸 반캔 또는 1캔 네모네모 잘라주세요.,39
267,3,간장 6T를 넣어주세요.,39
268,4,설탕 1.5T를 넣어주세요.,39
269,5,물은 종이컵1잔 분량 붓기.,39
270,6,"다진마늘 1ts
매콤한 맛을 좋아한다면 청양고추 또는 꽈리고추 추가
아이를 위한 반찬이라면 이 단계 생략!",39
271,7,7분~8분 동안 졸여주세요.,39
272,8,"가스불 끄기 직전 올리고당 한바퀴 빙 둘러주시고 참기름 1스푼, 통깨 뿌리면 초간단 반찬 완성!",39
273,1,볼에 황태채를 넣고 물에 적신다.,40
274,2,황태채가 부드러워지면 물기를 제거한 후 가위를 사용해서 먹기 좋은 크기로 자른다.,40
275,3,"냄비에 식용유, 참기름을 넣고 중 불에 올린 후 불린 황태채를 넣고 노릇하면서 탱글하게 볶는다.",40
276,4,황태채에 새우젓을 넣고 볶는다.,40
277,5,"새우젓이 눌어 붙기 전에 물, 건더기스프, 분말스프, 다시마를 넣고 끓인다.",40
278,6,"대파, 청양고추는 두께 0.3cm 정도로 송송 썬다.",40
279,7,홍고추는 두께 0.3cm 정도로 어슷 썬다.,40
280,8,"물이 끓어오르면 콩나물, 면 사리, 간 마늘을 넣는다.",40
281,9,볼에 달걀을 깨넣고 가볍게 풀어 준비한다.,40
282,10,"면이 전체적으로 풀어지면 풀어둔 달걀을 골고루 둘러 넣고 대파, 청양고추, 홍고추를 넣는다.",40
283,11,전체적으로 섞어준 후 라면을 그릇에 옮겨 담아 완성한다.,40
284,1,"얇은 사각어묵은 길게 2등분 후 두께 2cm로 얇게 썰고, 봉어묵은 1cm정도 두께로 어슷 썰어 준비한다.",41
285,2,양파는 가로로 반 갈라 2cm정도 두께로 자른다.,41
286,3,"대파, 청양고추는 0.3cm두께로 송송 썬다.",41
287,4,감자는 십자모양으로 4등분 한 후 0.3cm 두께로 편 썬다.,41
288,5,"깊은 프라이팬에 어묵, 양파, 대파, 청양고추, 감자, 식용유, 간 마늘을 넣고 강 불에 올린다.",41
289,6,"지글지글 소리가 나기 시작하면 전체적으로 섞일 때 까지 볶은 후 물, 진간장,  황설탕을 넣고 졸인다.
Tip. 어묵의 종류나 불 세기에 따라 물양을 조절한다.",41
290,7,어묵에 양념장이 배이면 고운 고춧가루를 넣고 섞는다.,41
291,8,국물이 완전히 졸아 들고 윤기가 나면 참기름을 넣고 섞는다.,41
292,9,통깨를 뿌린 후 접시에 옮겨 담아 완성한다. Tip. 그릇에 담고 나서 통깨를 한번 더 뿌려줘도 좋다.,41
293,1,끓는 물에 배추 잎을 부드러워질 때까지 데쳐요.,42
294,2,명란은 껍질을 벗겨서 손질해 준비해요.,42
295,3,면보에 두부를 짜서 물기를 제거해요.,42
296,4,마른 팬에 두부와 굴소스. 후추를 넣고 볶아요.,42
297,5,"볼에 두부, 참기름, 명란을 넣어 버무려요.",42
298,6,배추에 두부소를 넣고 잘 감싸 말아요.,42
299,7,달걀2개를 소금과 섞어서 달걀물을 준비해요.,42
300,8,롤에 달걀물을 골고루 묻혀요.,42
301,9,팬에 기름을 두르고 롤을 약불로 구워요. 이음새 부분을 바닥면으로 구워서 롤이 풀리지 않게 구워주세요.,42
302,10,"재료 간장 2T, 물 1T, 올리고당 1T, 식초 1T, 홍고추 1/2개를 섞어서 만든 초간장은 기호에 맞게 찍어 드세요.",42
303,1,냉이는 흙이 묻은 뿌리 부분과 잔뿌리를 다듬어 손질해요,43
304,2,깨끗한 물에 흔들어가며 여러번 헹궈요,43
305,3,애호박은 반으로 갈라 반달 모양으로 썰어요,43
306,4,홍고추는 어슷 썰어요,43
307,5,두부는 한입 크기로 썰어요,43
308,6,냄비에 물과 멸치육수팩을 넣고 10분 정도 끓여 육수를 내요,43
309,7,완성된 육수에 된장을 넣고 풀어요,43
310,8,국물이 끓으면 애호박을 넣고 약간 끓여요,43
311,9,"손질한 냉이와 두부, 다진마늘을 넣어요",43
312,10,보글보글 끓으면 홍고추를 넣어 완성해요,43
313,1,뜨거운 밥은 넓은 접시에 펼쳐 한 김 식혀 준비해요. 즉석 밥을 사용할 경우 약 30초 정도 데워 사용해 주세요.,44
314,2,분량의 양념장 재료를 섞어 양념장을 만들어요.,44
315,3,"중불로 예열된 팬에 식용유를 두르고 양파, 대파, 햄, 김치 순서로 넣어 차례로 볶아요.",44
316,4,볶아진 재료에 양념장을 넣어 살짝 더 볶은 후 밥을 넣어 고루 볶아요.,44
317,5,기호에 따라 달걀 프라이와 김 가루를 올려 완성해요.,44
318,1,프라이팬에 식용유를 두르고 강 불에 올려 예열한다. *고기가 달라 붙을 수 있으니 코팅이 된 냄비나 프라이팬을 사용하는게 좋다.,45
319,2,프라이팬이 달궈지면 소고기를 올려 앞뒤로 노릇하게 굽는다. *고기를 노릇하게 구워야 더욱 고소하다.,45
320,3,"정수물, 다시마, 건더기 스프, 너구리 분말 스프를 넣고 강 불에 끓인다. *너구리 스프를 먼저 넣고 함께 끓여야 고기에 간이 배어 맛이 좋다.",45
321,4,물이 끓어 오르면 면을 넣고 잘 풀어가며 익힌다.,45
322,5,면이 완전히 풀어지면 짜파게티 분말 스프를 넣고 스프가 뭉치지 않도록 잘 섞어가며 졸인다.,45
323,6,국물이 자작하게 졸아들면 올리브오일을 넣고 섞은 후 접시에 담아 완성한다.,45
324,1,비엔나소세지는 먹기좋게 반잘라주거나 칼집내서 준비해주세요.,46
325,2,양파 반개도 한입크기로잘라줍니다.,46
326,3,팬에 기름을 조금 두르고 소세지와 양파를 볶아줍니다.,46
327,4,양파가 투명해지면 굴소스 0.5T를 넣어줍니다.,46
328,5,그리고 올리고당도 1T넣어줍니다.,46
329,6,참기름도 1T넣어주고,46
330,7,통깨 넉넉하게 뿌려서 잘섞어주면 완성입니다.,46
331,8,접시에 담아서 맛있게드세요.,46
332,1,숙주는 흐르는 물에 깨끗하게 씻고 체에 밭쳐 물기를 제거합니다.,47
333,2,새우는 흐르는 물에 깨끗하게 씻고 체에 밭쳐 물기를 제거합니다.,47
334,3,"그 다음 볼에 새우, 미림 1T, 후춧가루 약간을 넣고 골고루 섞어 밑간을 합니다.",47
335,4,"볼에 달걀 2개, 소금 1꼬집을 넣고 원하는 조리도구를 사용해서 곱게 풀어 준비합니다.",47
336,5,"볼에 굴소스 2T, 간장 1T, 다진마늘 1T를 넣고 골고루 섞어 양념을 만듭니다.",47
337,6,대파는 0.3cm 간격으로 송송 썰어 준비합니다.,47
338,7,양파는 0.3cm 간격으로 채 썰어 준비합니다.,47
339,8,예열된 팬에 식용유 2T를 두르고 풀어 놓은 계란을 넣어 스크램블 에그 만드는 것처럼 휘저으면서 익힙니다.,47
340,9,그다음 원하는 그릇에 담아 따로 보관합니다.,47
341,10,"예열된 팬에 식용유 2T를 두르고 대파, 양파를 넣고 볶습니다.",47
342,11,"대파, 양파의 은은한 향이 올라올 때 새우를 넣고 볶습니다.",47
343,12,"새우가 알맞게 익었을 때 숙주, 계란, 양념을 넣고 볶습니다.",47
344,13,모든 재료가 알맞게 익었을 때 참기름 1T를 넣고 볶습니다.,47
345,14,참기름의 고소한 향이 올라올 때 마무리로 볶은참깨 1T를 뿌리면 새우숙주볶음 완성.,47
346,1,양파1/2 그리고 파프리카를 다져서 준비한다.,48
347,2,"팬에 양파,파프리카를 넣고 양념장 고추장1T,케찹3T,간장1T,설탕1T을 넣고 잘 섞어준다.
그리고 불을 올려 바글 바글 조려준다.",48
348,3,"다른 팬에 식용유를 두르고 떡을 살짝 구워준다. 너무 바싹 구우면 딱딱해서 먹기 불편해요.
(떡을 굽기 전에 떡이 딱딱하면 뜨거운물에 데쳐서 사용하세요.)",48
349,4,떡 위에 끓여 놓은 양념장을 올려준다.,48
350,5,그 위에 마요네즈 ~ (마요네즈는 생략하셔도 됩니다),48
351,6,"체다치즈1장 모짜렐라치즈를 올려준다. 그리고 물은 3~5숟가락 정도 팬 주변에 부어준다.
그래야지 떡이 타지 않고 치즈가 잘 녹아요.",48
352,7,"뚜껑을 덮고 약불에서 천천히 치즈를 녹여준다.
전자렌지,오븐을 이용해도 됩니다",48
353,1,브로콜리는 송이송이 먹기 좋게 썰어주세요,49
354,2,끓는물 3컵에 소금 1/4T를 넣고 브로콜리를 데친 후 찬물에 헹구어 냅니다,49
355,3,팬에 올리브유 2T를 두르고,49
356,4,썰어둔 마늘을 넣고 볶아주세요,49
357,5,"마늘을 어느정도 볶다가 브로콜리를 넣고, 소금 1/4T,",49
358,6,"후춧가루를 약간 넣어주시면, 브로콜리 마늘볶음 완성!! 참 쉽죠",49
359,1,"모든 양념(진간장, 국간장, 설탕, 올리고당, 다진마늘, 참기름, 후추)을 미리 섞어 준비해주세요",50
360,2,"꽈리고추는 식초 1T를 푼 물에 담궜다가 깨끗한 물에 헹궈 길이가 길다면 2등분해주세요
꽈리고추나 청양고추를 씻을 때는 씻은 후에 꼭지를 제거하세요. 물이 들어가면 좋지 않아요",50
361,3,오징어는 깨끗히 씻어 준비해주세요. 안쪽에 칼집을 내주세요. 안내셔도 되지만 모양도 예쁘고 칼집사이사이에 간이 들어가 더 맛있답니다,50
362,4,오징어 다리는 가닥가닥 잘라주고 길이가 길다면 2등분해주세요. 모든 재료의 길이를 비슷하게 자른다고 생각하시면 돼요,50
363,5,팬에 식용유 1T을 두르고 오징어를 넣고 볶아주세요. 오징어가 익어가면서 말리게 돼요. 오징어의 수분으로 인해 물이 튈 수 있으니 조심하세요,50
364,6,오징어에서 수분이 나오면 섞어둔 양념장을 부어주세요. 물기가 쫄아가려고 할 때 물 15g을 부어줍니다. 간이 배도록 조금 더 졸여주는 게 더 맛이 좋아요,50
365,7,"꽈리고추도 같이 넣고 졸여주시는데요, 물이 금방 쫄아버리니 자리 비우지 마시고 어느 정도 물기가 있는 상태가 되면 간을 보시고 싱거우면 간을 더 하시구요. 너무 쫄아서 수분이 너무 없다면 물 1T정도 더 넣고 섞어주시구요.",50
366,8,마무리로 통깨 뿌려주시면 완성입니다,50
367,1,요리를 시작하기전에 먼저 냉동새우는 해동을 위해 한번씻어서 채에 받쳐두고 후추를 조금 뿌려줘요!,51
368,2,물 250ml(한컵)에 전분가루(전 감자전분썼어요!)녹말물도 먼저 만들어요!,51
369,3,팬에 식용유를 두르고 다진마늘 1큰술과 양파 1/2개를 볶아요!,51
370,4,양파가 조금 흐물해졌다 싶을때 해동시킨 새우를 넣어요!,51
371,5,새우가 맛있게 붉으스름해질때까지 볶아줘요,51
372,6,새우가 어느정도 익어갈때쯤 씻어놓은 청경채를 넣어줘요!,51
373,7,청경채에 숨이 죽을때까지 20초정도 볶아주다가,51
374,8,숨이 어느정도 죽으면 버섯과 굴소스 1T 간장1T를 넣고 휘리릭 볶아줍니다,51
375,9,준비했던 녹말물을 다시 잘 풀어주고 넣어주세요!,51
376,10,센불로 촤르르 볶은후 불을끄고 부추 100g과 참기름을 넣고 뒤적여주세요! 기호에따라 청양고추를 썰어주셔도 좋아요!,51
377,11,밥위에 부어주면 완성!,51
378,1,슬라이스햄은 팬에 살짝 구워 준비한다.,52
379,2,달걀에 소금을 넣고 잘 풀고 체에 걸러 알끈을 제거한다.,52
380,3,팬에 식용유를 살짝 두르고 달걀물을 부어 얇게 지단을 부친다.,52
381,4,"연유, 버터를 섞어 연유버터크림을 만든다.",52
382,5,2장의 식빵위에 마요네즈를 바른 후 지단을 올린다.,52
383,6,연유버터크림을 바른 후 식빵을 덮는다.,52
384,7,위에 연유버터크림을 한번 더 바른다.,52
385,8,"한쪽에는 치즈, 다른 한쪽에는 슬라이스햄 2장을 올려 겹친다.",52
386,9,빵의 테두리를 자른 후 먹기좋게 잘라 완성한다.,52
387,1,팬에 올리브유를 두른후 다진마늘을 볶아주세요. 마늘을 너무 다지지말고 씹히는맛이 있도록 다져주시면되요.,53
388,2,칵테일새우를 넣고 같이 볶아주세요.,53
389,3,"나시고랭볶음밥 소스를 만들어주세요.
간장1T 굴소스1T 맛술2T 후추1/2t 설탕1/2t",53
390,4,팬에 소스를 넣고 같이 재료들과 볶아주세요.,53
391,5,공기밥2그릇과 잘게자른 숙주를 넣고 같이 볶아줍니다.,53
392,6,숙주가 익을때쯤 한쪽에 스크램블에그를 만들어주세요.,53
393,7,스크램블에그와 같이 한번더 볶아주면 맛있는 나시고랭완성!,53
394,1,"삽겹살 통째로 600그람을 물이 끓을 때 넣어줍니다.
(적)양파 한개도 껍질채 썰어 넣어요.",54
395,2,"중불에서 30분정도 끓여 젓가락이 쑤욱~들어갈 정도로 익으면 삽겹살을 건져주세요.
흐르는 찬물에서 깨끗하게 씻어요. 찬물에 씻는 과정은 육즙을 가두어서 고기를 탱글탱글하게 쫀득쫀득하게하는 과정입니다.",54
396,3,고기를 1.5cm~2cm 두께로 썰어 팬에서 노릇노릇 익힙니다.,54
397,4,"물 250ml, 간장 3T, 설탕 1T을 넣고 뭉근하게 서서히 졸입니다.
국물이 거의 없어지면 꿀 2T, 참기름 1t를 넣고 뒤적뒤적 하면서 조금 더 졸입니다.",54
398,5,"참기름과 소금으로 밑간한 파채를 중심에 올리고...완성된 동파육을 가장자리에 돌려 담기 해요.
음식을 그릇에 낼 때는 가장자리 여백이 있어야 요리가 돋보여요.
접시에 꽉 차게 담는 것은 절대로 금물~~
정갈하게 조금씩만 담아냅니다",54
399,1,에어프라이어에 만두 13개를 넣고 200도에서 15분 정도 돌려줍니다.,55
400,2,"대파 1/3, 홍고추 1/2를 송송 썰어 준비하고",55
401,3,"달군 팬에 식용유 1T를 두르고 다진 마늘 1개, 썰어 놓은 대파, 홍고추를 넣어 달달 볶다",55
402,4,"깐풍 소스 재료인 간장 2T, 올리고당 1T, 식초 1T, 맛술 1T, 설탕 1T, 후춧가루 적당량을 넣어 바글바글 끓여주세요.",55
403,5,그리고 에어프라이어에 튀긴 만두를 넣고,55
404,6,양념을 고루 묻혀 마무리해주세요.,55
405,7,깐풍만두 완성 ^^,55
406,1,"먼저 케찹2T,고춧가루1T 설탕1T,간장1T,식초1T를 섞어줍니다.(T:성인 숟가락 기준)",56
407,2,달궈진 팬에 식용유 3T을 둘러준 뒤 마늘 1T을 달달달 볶아 마늘기름을 만듭니다.,56
408,3,마늘 기름에 칵테일 새우를 넣고 볶아 줍니다.,56
409,4,"우가 어느 정도 볶아지면 이제 미리 만들어 놓은 양념을 다 넣고 골고루 볶아 줍니다!백주부님은 물을 조금 넣으라고 하셨는데 냉동된 칠리새우라 그런지 물기가 많이 생겨 따로 물을 넣진 않았어요
볶다가 소스가 약간 되직하다 싶으면 그때 물을 약간 넣어 조절하셔요",56
410,5,버터 1T을 넣고 다시한번 골고루 볶아준뒤 후추 조금 뿌려주면 완성입니다!,56
411,1,"닭가슴살은 소금,후추,청주에 30분 밑간합니다. 고기를 재우는 동안 채소를 손질해요.",57
412,2,"간장 5T, 식초 5T, 설탕 5T, 다진마늘 1T, 다진양파 1개, 청고추, 홍고추 1개씩으로 양념(소스)을 미리 타주세요.",57
413,3,밑간한 닭가슴살을 키친타올로 잘 닦아줍니다. 밀가루-달걀물-빵가루를 각각 통에 담아주세요.,57
414,4,"먼저, 고기에 밀가루를 묻혀주세요.",57
415,5,다시 달걀물을 묻히세요.,57
416,6,마지막으로 빵가루를 묻혀요. 손으로 꾸욱꾹 눌러서 묻히면 튀김옷이 잘 벗겨지지 않아요.,57
417,7,같은 방식으로 닭가슴살 세 덩어리에 튀김옷을 잘 입혀요.,57
418,8,포도씨유 넣은 팬을 약불에서 가열해주세요. 고기를 넣고 뚜껑을 덮어주세요. 5분 후 뚜껑을 열고 뒤집어주세요. 다시 5분을 뚜껑 덮고 튀겨주세요.,57
419,9,"튀긴 고기는 기름이 빠질 수 있는 망에 올려요. 고기를 튀기는 동안, 양상추는 먹기좋은 크기로 찢어 놓고 대파는 채썰어 큰접시에 펼쳐서 담아요. 고기도 썰어주세요.",57
420,10,준비해둔 소스를 숟가락으로 올려주세요. 무순도 이쁘게 올려요. 완성입니다. 채소와 곁들여 드세요.^^,57
421,1,시금치를 깨끗하게 씻은 뒤 뿌리 부분을 잘라주세요.,58
422,2,"대파 한단과 청양고추 1개는 송송 썰어주고, 페페론치노는 반으로 잘라주세요. 또 마늘 4알은 모두 다져줍니다.",58
423,3,"소스를 만들어볼게요. 볼에 고춧가루 1T, 설탕 1/2T, 멸치 액젓 1T, 간장 1T, 식초 1/2T, 굴 소스 1/2T 넣어주고 다진 마늘 1/2T 넣고 섞어줍니다.",58
424,4,"팬에 기름을 두른 뒤, 남은 다진 마늘 그리고 대파를 넣고 볶아주세요.",58
425,5,"마늘과 파가 어느 정도 익으면, 썰어놓은 청양고추와 페페론치노 그리고 해동시킨 닭 가슴살을 넣어 볶아줍니다.",58
426,6,"닭 가슴살 겉면이 어느 정도 익으면 약불로 줄이고, 닭고기를 가위로 잘게 잘라주세요.",58
427,7,잘게 자른 닭 가슴살을 강불에서 볶다가 거의 다 익으면 만들어놓은 소스를 넣고 1~2번 볶아줍니다.,58
428,8,그다음 시금치를 넣고 볶아주세요.,58
429,9,다른 팬에 기름을 두르고 계란 프라이를 만들어주세요. 반숙으로 만들어주면 좋아요!,58
430,10,태국식 닭고기 덮밥 완성!!,58
431,1,"라이스페이퍼 2장, 계란 2개, 당근 1/5개, 대파 1/5개, 슬라이스 햄 4장, 모차렐라 치즈 60g, 케첩 4T, 마요네즈 2T를 준비해 주세요.",59
432,2,대파는 송송 썰어 굵직하게 다져 줍니다.,59
433,3,당근도 마찬가지로 굵직하게 다져 주세요.,59
434,4,슬라이스 햄은 1/2등분 해서 썰어 줍니다.,59
435,5,"저는 계란을 풀어 준비했는데, 라이스페이퍼에 직접 하나씩 깨뜨려 부으셔도 됩니다.",59
436,6,"달구지않은 팬에 식용유 1/2T를 둘러 키친타월로 살짝 닦아내 주세요. 사실 반짱느엉은 팬이 아니라 석쇠에 구워서 만드는 요리거든요. 원래 기름이 필요가 없는 음식이지만, 집에서는 이렇게 만들 수밖에 없으니 식용유는 살짝만 사용해 주는 거예요.",59
437,7,라이스페이퍼를 올려준 후 불을 켜주세요. 중간불로 해주시면 됩니다.,59
438,8,1개 분량의 계란물을 부어 주고요. 저처럼 계란 2개를 같이 풀어 사용하신다면 양 분배를 잘 하셔야 합니다.,59
439,9,"대파, 당근 다진 것을 뿌려주세요. 마찬가지로 재료들이 두개 분량이기 때문에 양을 잘 조절하시기 바랍니다.",59
440,10,"햄을 올리고, 위로 모차렐라 치즈를 뿌려 주세요. 반을 접어야 하기 때문에 가운데 부분은 피해서 내용물을 넣어주셔야 해요.",59
441,11,취향껏 케첩과 마요네즈를 뿌려 줍니다. 저는 소스를 많이 뿌렸어요. 대중적인 입맛에 맞춘다면 사진의 양에서 반 정도 줄여서 만드시면 딱 맞을 듯합니다.,59
442,12,뒤집개 두 개를 사용해서 반을 접어주세요.,59
443,13,뒤집어 가며 구워주면 완성입니다.,59
444,14,"베트남 피자 반짱느엉 만들기, 정말 쉽고 간단하죠. 간단한 과정에 비해 맛은 훌륭해요. 저는 집에 라임이 있어 마지막에 살짝 뿌려주었는데, 참 잘 어울렸어요. 취향껏 추가해서 드셔보세요. 햄은 닭 가슴살로 대체하고, 소스를 줄여 쓰면 다이어트식으로도 손색이 없을 듯합니다. 또 냉장고에 남은 재료들을 넣고 냉털요리로 만들어도 좋을 듯하고요. 라이스페이퍼 간식으로 만드는 계란피자 꼭 만들어 보시길 추천합니다.",59
445,1,"계란탕에 넣을 재료는 비슷한 길이로 준비해주세요.
당근, 양파, 햄은 채 썰어주고, 새송이버섯은 반으로 자르고 재료와 비슷한 길이로 썰어주세요. 대파는 송송 썰어주시고요.",60
446,2,냄비에 식용유 4T를 두르고 대파를 넣고 달달 볶아 파 기름을 만들어 주세요,60
447,3,파가 노릇노릇하게 익으면 햄을 함께 넣고 달달 볶아주고,60
448,4,"곧이어 준비해 놓은 새송이버섯, 양파, 당근을 한데 넣고 달달 볶아줍니다.",60
449,5,양념재료인 간장 2T를 넣고,60
450,6,굴 소스도 2T 넣어 함께 볶아 줍니다.,60
451,7,물 5컵 (1L~) 정도 넣어주고 물의 양은 준비한 재료에 따라 조절해 주심 된답니다.,60
452,8,드셔보시고 부족한 간은 소금으로 해주세요.,60
453,9,그리고 찢어 놓았던 맛살을 넣고 약간 더 끓여 줍니다.,60
454,10,"달걀탕이 끓여지는 동안 전분가루 1T, 물 1T을 한데 넣어 섞어 전분물을 만들어 줍니다.",60
455,11,만들어 놓은 전분물을 달걀탕에 조금씩 넣어가며 농도를 조절해 줍니다.,60
456,12,달걀 2개를 풀어 냄비 가장자리 부위로 둘러 가며 부어주고,60
457,13,참기름 1~2방울 정도 톡 떨어 트리고 후춧가루를 취향껏 톡톡 넣어 마무리합니다.,60
458,14,백종원중국식달걀탕 완성,60
459,1,"대파, 홍고추, 청양고추를 굵게 다진다.",61
460,2,"양상추를 먹기 좋은 크기로 자르고, 레몬은 슬라이스한다.",61
461,3,"팬에 기름을 충분히 두르고 노릇노릇하게 굽는다.
만두를 에어프라이어 180도에서 10분간 구워도 좋아요",61
462,4,"간장 3T, 설탕 3T, 식초 3T, 물 3T, 대파 1뿌리, 홍고추 1개, 청양고추 2개로 소스재료를 고루 섞는다.",61
463,5,"완성그릇에 양상추를 깔고 만두, 레몬을 얹어 소스를 뿌려 완성한다.",61
464,1,"건표고버섯은 물에 불려서 채썰어 준비합니다. 양파도 채썰어 준비합니다. 마늘, 쪽파는 다져서 준비합니다. 새우는 껍질을 벗겨서 준비합니다.",62
465,2,다진 마늘과 채썬 양파를 기름을 두른 팬에 볶아줍니다.,62
466,3,"소금, 후추로 밑간을 한 새우를 넣고 볶아줍니다.
새우가 붉은색으로 변하면 미림을 팬에 한바퀴 둘러줍니다.",62
467,4,"표고버섯을 넣고 볶아줍니다.
- 마른 표고버섯을 불릴 때는 찬 물에 담가줍니다.
- 더운 물에 불리면 표고버섯의 성분이 잘 우러나지 않기 때문에 시간이 걸리더라도 찬물에서 불려주는게 좋아요!",62
468,5,양념을 넣고 중불에서 졸여줍니다.,62
469,6,"전분물(전분 : 물 = 1:1)을 넣어 걸쭉하게 농도를 맞춰줍니다.
- 전분물 만들때는 찬물로 넣어주세요.
- 미리 그릇에 전분물을 풀어 조금씩 농도를 보면서 넣어줍니다.",62
470,7,불을 끄고 쪽파를 넣어 완성합니다.,62
471,8,밥과 함께 담아 맛있게 먹으면 끝! :),62
472,1,"재료를 준비 해 줍니다. 마이쏭은 두부가 많은 마파두부가 좋으므로, 두부 2팩 준비했어요~! 돼지고기 다짐육도 통크게~ 한팩! ㅋㅋㅋㅋ",63
473,2,"먼저, 돼지고기는 후추, 소금으로 밑간을 해 둡니다.",63
474,3,"그리고, 재료손질!!!! 두부는 깍뚝깍뚝 좀 잘게 썰어주고~ 파와 양파는 다져줍니다.",63
475,4,다진마늘도 준비 해 주세용~,63
476,5,"모든준비 완료! 이제~ 만들어 볼까요? 먼저, 달군팬에 기름을 둘러줍니다. 기름과 참기름을 섞어 둘러주셔도 좋아요~!",63
477,6,"기름에, 다진마늘과 다진파를 넣어 볶아주며 파기름을 내줍니다",63
478,7,"그리고~ 파향이 진~하게 올라오면! 다진양파도 넣고, 함께 볶아주세용~!",63
479,8,그 다음은 밑간 해 둔 돼지고기다짐육 투입!!!,63
480,9,후추조금 넣고 맛술있음 맛술도 조금 넣고 볶아주세요~ 마이쏭은 맛술이 없..... 그냥 후추만 조금 넣고 볶아줬답니다,63
481,10,고기의 겉면이 어느정도 익었다면!!! 여기에 양념을 해 줄 차례~! 빠알간 고춧가루 넣고~,63
482,11,설탕넣고~ 소금넣고~ 간장넣어~,63
483,12,타지않게 달달~ 볶아주세요!,63
484,13,"이렇게 마파두부의 양념장이 완성 되었어요~! 이제, 여기다 바로~! 마파두부를 만들꺼랍니다! 마이쏭은 물을 부어줬는데~ 멸치육수가 있다면, 멸치육수를 넣어주시면 되용~",63
485,14,팔팔 끓어오르기 시작하면~,63
486,15,된장 1큰술 넣어줍니다. 두반장이 필요없다는것은? 바로 요 된장때문! ㅎㅎㅎㅎㅎ 양념과 섞이니~ 두반장이 필요없게 마파두부의 맛을 낼 수 있다구욧^^	,63
487,16,드디어 오늘의 주인공 두부입짱~!! 2팩 과감하게! 몽땅 때려넣어 줍니다. 두부가 많아야 비주얼도 맛도 더 맛있든 듯 ㅎㅎㅎ,63
488,17,"요건~ 뭐, 넣지 않아도 충분히 맛있지만~ 육수없이 물로 넣었기에, 마이쏭은, 집에있는 치킨스톡 한큰술 넣어줬답니다 ㅎㅎ",63
489,18,자아~! 이제 양념은 끝!! 요렇게 불을 줄이고 재료가 어우러지게~ 끓여주다가!!,63
490,19,"전분가루와 물을 넣고 섞어, 전분물을 만들어 줍니다. 급하게 막걸리잔을 꺼내들었다는.. ㅋㅋㅋ",63
491,20,끓고있는 마파두부에~ 전물물 스르륵~ 둘러~,63
492,21,잘 저어가며 끓여줍니다.,63
493,22,너무 되직하지 않게 조금씩 부어가며 농도를 맞춰주시면 되요!! 밥위에 마파두부 끼얹고! 반숙 계란후라이 얹고 파슬리가루 좀 뿌려주니~ 대박비주얼 탄생!!! ㅋㅋㅋㅋㅋ,63
494,1,"파와 마늘은 채썰어서 준비하고, 냉동 새우 사용시 해동해주세요",64
495,2,양념장 재료를 모두 섞어주세요,64
496,3,쌀국수는 미리 물에 넣고 불려주세요,64
497,4,숙주를 깨끗하게 씻어주세요,64
498,5,팬에 계란을 넣고 스크램블을 만들어주세요,64
499,6,"계란을 빼고 기름을 두르고 마늘, 건새우, 파를 넣고 볶아주세요",64
500,7,새우와 다진 돼지고기를 넣고 볶아주세요,64
501,8,불린 쌀국수의 물기를 빼고 양념장과 함께 볶아주세요,64
502,9,숙주를 넣고 숨이 살짝 죽을때까지 볶아주세요,64
503,10,"아까 만들어둔 스크램블을 섞고 마무리해주세요
위에 땅콩가루도 뿌리면 더 맛있어요",64
504,1,손질할 재료들을 준비해 주세요.,65
505,2,샬롯은 작아서 반으로만 갈라주었어요. 양파를 사용하시면 한 입 크기로 썰어주시면 되겠습니다.,65
506,3,양송이도 반으로 썰어 주세요.,65
507,4,갈랑갈은 편으로 썰어주었어요. 저는 이것밖에 없어서 이정도만 넣었는데 취향껏 더 넣으셔도 됩니다.,65
508,5,레몬그라스는 어슷썰기해 주시고요.,65
509,6,토마토는 듬성듬성 썰어주세요.,65
510,7,"물 500ml과 레몬그라스, 커피어라임잎, 갈랑갈, 건고추를 함께 넣어 중불에 끓여주세요.",65
511,8,물이 끓으면 버섯류를 넣어 주세요.,65
512,9,이어 샬롯도 넣어 주시고요.,65
513,10,육수를 사용하신다면 넣을 필요가 없겠고요. 전 물을 사용해서 치킨스톡 1/2t 넣어 줄게요.,65
514,11,팜슈가 1t를 넣어주세요. 설탕을 사용하신다면 반을 줄여 사용하세요.,65
515,12,"칠리페이스트 1t를 넣어주세요. 저는 좀 맑게 먹고 싶어서 1t만 넣었는데, 맛을 보시고 더 추가하셔도 됩니다.",65
516,13,새우도 넣어 주세요.,65
517,14,이어 토마토도 넣어 주고요.,65
518,15,피시소스 1.5T 넣어 줍니다. 맛을 보시고 취향껏 더 넣으셔도 됩니다.,65
519,16,새우가 다 익으면 불을 끄고 라임을 쭉 짜주면 완성! 저는 즙을 짜고 껍질까지 넣어 주었어요. 향이 더 풍부해지더라고요. 깨끗하게 씻는건 필수겠죠? 주스로 된 것을 넣는 다면 3-4T 넣어주세요.,65
520,17,"완성된 맑은 타입의 똠얌꿍 남싸이예요. 전 마지막에 고수를 올려주었어요. 취향껏 더해 주시면 되고요. 새콤하고 짭잘하고 매콤한 맛이 매력적인 똠얌꿍, 맛있게 드세요.",65
521,1,계란 하나를 기름을 충분히 두르고 센불에서 튀기듯이 후라이를 한다.,66
522,2,"마늘, 고추, 버섯은 다져서 준비하고",66
523,3,"후라이팬에 기름을 두르고 다져놓은 버섯, 마늘, 청양고추를 넣고 볶는다.",66
524,4,마늘향이 올라오면 돼지고기 다짐육을 넣고 맛술1스푼 넣고 볶는다.,66
525,5,"여기에 굴소스1T, 액젓1T, 간장1T 넣고",66
526,6,청경채를 넣고 센불에 빨리 볶은다음,66
527,7,"소금, 후추로 간을 하고",66
528,8,접시에 밥올리고,66
529,9,돼지고기볶음을 올리고,66
530,10,후라이 하나 올리면 태국식 돼지고기덮밥 카파오무쌉 만들기 완성~~~~,66
531,1,쌀국수는 찬물에 30~ 1시간 담가요.,67
532,2,숙주는 찬물에 씻어,67
533,3,체에 받쳐요.,67
534,4,소고기를 준비해요.,67
535,5,양파는 얇게 썰어 그릇에 넣고,67
536,6,소금1t,67
537,7,설탕1t,67
538,8,식초1t를  양파 그릇에 넣어,67
539,9,10분정도 절여요.,67
540,10,파는 송송썰어요.,67
541,11,고추도 송송 썰어요.,67
542,12,물이 끓으면,67
543,13,쌀국수를 넣어 삶아요.,67
544,14,국수가 익으면,67
545,15,찬물을 붓고 불을 꺼요.,67
546,16,체에 받쳐 물을 빼요.,67
547,17,냄비에 물 600nl를 붓고,67
548,18,청정원 베트남 쌀국수 소스,67
549,19,100ml를 넣어,67
550,20,끓으면,67
551,21,소고기를 넣어요.,67
552,22,소고기가 익으면 불을 꺼요.,67
553,23,그릇에 쌀국수를 담고,67
554,24,"숙주,대파,고추,양파를 올리고",67
555,25,육수를 부어요.,67
556,26,베트남쌀국수 완성..,67
557,1,"쌀국수 면을 찬물에 30분 정도 담가준 다음, 따듯한 물에 30초 정도 삶아 건져내면 면이 완성된답니다!",68
558,2,"고기 양념 소스(피쉬소스 0.5T, 다진 마늘 약간, 설탕 1T, 간장 1T, 레몬주스 1T)와 맛술 미림 1T를 모두 섞어주세요. 고기 양념 소스와 맛술 미림을 모두 섞어주세요.
맛술 미림이 고기의 누린내를 잡고 소스의 감칠맛을 더해 준답니다!",68
559,3,"삼겹살의 양쪽 면에 후추를 뿌린 후, 팬에 익혀주세요.",68
560,4,"삼겹살이 골고루 익으면 고기 양념에 삼겹살을 버무려서 다시 한 번 구워 주세요.
고기가 타기 직전까지 구워주시면 좋습니다!",68
561,5,팬에 오일을 두르고 만두를 노릇노릇하게 구워주세요.,68
562,6,"분짜 소스(설탕 4T, 물 6T, 피쉬소스 6T, 당근 다짐 3T, 레몬즙 1T, 식초 2T)와 맛술 미림 1T를 골고루 섞어주세요.",68
563,7,"삶아진 쌀국수 면과 고기, 야채를 접시에 얹고 분짜 소스를 세팅하면 분짜 완성!",68
564,1,"칵테일새우와 돼지고기(잡채용)을준비합니다.
저는 돼지고기가 갈아놓은게 있어서 그걸로 대체했습니다.",69
565,2,"월남쌈에 넣을 돼지고기에 간장 2T,설탕 1T,참기름 1T,다진 마늘1T을 넣고 조물조물 해주세요
그리고 냉장고에서 15분정도 보관후에 기름을 살짝 두른 후라이팬에 볶아줍니다.",69
566,3,"월남쌈에 넣을 칵테일 새우는 냄비에 물을 끓인후에 새우를 넣고 미림1T을 넣고 1분정도 살짝 데쳐줍니다.
체에 걸러서 물기를 빼준뒤 기름을 살짝 두른 후라이팬에 마늘을 1/2스푼을 넣고 볶아줍니다.",69
567,4,"이제 월남쌈에 제일 귀.찮.은 부분인 야채를 손질해 줄께요
단무지:시중 김밥용 단무지를 사와서6cm정도 길이 잘라서 반으로 잘라주세요
오이: 안에 씨부분을 제거후 6cm크기로 잘라줍니다.
크래미: 크래미도 6cm크기로~
깻잎: 깻잎 열장을 깨끗이 씻어준뒤 한꺼번에 포갠후에 0.5cm정도 크기로 잘라줍니다.
파프리카:위에 재료들에 맞는 크기로 잘라줍니다.",69
568,5,"당근과 양파는 넣으셔도 되고~안넣으셔도 됩니다.
저는 집에 양파가 한포대 있어서 얼릉 소비해야 해서 넣었습니다.^^",69
569,6,"월남쌈에 없으면 안되는 히로인 파인애플 통조림!!!!!
적당히 잘라주세요!!",69
570,7,"월남쌈 레시피의 모든 과정이 끝났습니다!
야채만 다듬으면 다 끝난거예요 ㅋㅋㅋㅋㅋㅋㅋㅋ",69
571,8,"주부 9단 언니분들은 월남쌈 소스도 직접 만드시더라구요~
저는 아직 주부9단이 아니니 제품의 도움을 받았습니다. ㅋㅋㅋㅋㅋㅋㅋ
남편이 좋아하는 칠리 소스와 제가 좋아하는 땅콩소스를 준비합니다.",69
572,9,"썰어두었던 야채를 예쁘게 담고~
돼지고기와 칵테일새우도 담고~
시중에서 사온 월남쌈 소스도 담고~
라이스페이퍼도 담고~
그옆에 넓은 볼에 뜨거운 물도 준비합니다.",69
573,10,"먹는순서
1.뜨거운물에 라이스페이퍼를 담구어서 부드럽게 해줍니다.
2.라이스페이퍼를 넓은 접시에 펼쳐서 원하는 야채를 넣어줍니다.
3.돼지고기와 칵테일새우도 넣어줍니다.
4.잘말아서 소스찍어먹으면 끝!",69
574,1,"감자전분 5큰술에 물 7~8T을 넣고 튀김옷에 사용할 앙금녹말을 만들어주세요.
바닥에 가라앉는 앙금을 사용해 튀김옷을 만들어 줄 건데요.
녹말 앙금이 바닥으로 가라앉으면 물은 따라 버리고 바닥에 남은 고체 앙금만 떠서 사용하면 돼요.

앙금이 충분히 가라앉기까지는 시간이 오래 걸리기 때문에 가장 먼저 이 작업을 해준 뒤
재료 준비를 하면 시간을 절약할 수 있어요:D

만약 앙금 녹말을 만들지 않았을 때는 감자 전분가루 그대로를 사용해도 좋아요.",70
575,2,닭은 껍질째 3*3cm 크기로 썰어주세요.,70
576,3,"소금 1/4t, 청주 1/2T, 후추를 약간 넣어준 뒤 골고루 버무려 30분간 재워주세요.",70
577,4,"야채를 손질해주세요. 마늘, 생강 - 잘게 다져주세요.
*마늘, 생강, 대파는 요리의 향을 더해줄 재료이므로 가장 먼저 팬에 한꺼번에 넣고 볶아줄 거예요.
재료 손질시 3가지 재료를 그릇 하나에 넣어주셔요.",70
578,5,"씨를 뺀 청양고추, 대파 - 0.5cm 크기로 썰어주세요.",70
579,6,"깐풍기 소스를 만들어주세요.
간장 2.5T, 굴소스 1/2T, 설탕 3T, 식초 3T, 물 6T, 후추 약간",70
580,7,"밑간을 마친 닭다리살에 달걀물 1.5큰술과 앙금녹말을 넣어 튀김옷을 만들어주세요.
(앙금녹말을 만들지 않았다면 전분가루 사용)
튀김옷의 농도는 떠먹는 요구르트 정도로 맞춰주세요.
되직하다면 달걀물을, 질어진다면 앙금(혹은 전분가루)을 넣어 농도를 맞춰주세요.",70
581,8,팬에 식용유 500ml를 넣고 온도를 140도까지 올린 뒤 닭을 튀겨주세요.,70
582,9,"보통 3~5분 정도 튀겨주면 되는데요.
겉면이 노릇노릇해지고 젓가락으로 집었을 때 단단한 느낌이 날 때 꺼내주시면 돼요.",70
583,10,"불을 강불로 올려 온도를 160~170도까지 달군 뒤 닭을 바삭하게 한번 더 튀겨주세요.
Q. 집에 온도계가 없어요. 온도 확인할 수 있는 방법이 따로 없나요?
A. 팬 위로 15cm 정도 거리를 두고 손을 댔을 때 뜨거움이 바로 느껴진다면 적절한 온도가 됐다고 보시면 돼요.",70
584,11,"이렇게 골고루 노릇한 색이 입혀질 때까지 튀겨주세요.
번거롭지만 2차례 나눠 튀겨줘야 바삭한 식감의 튀김을 만들 수 있어요.
닭다리살 대신 돼지고기를 사용한다면 탕수육으로도 응용이 가능하고요",70
585,12,"센 불로 달군 팬에 식용유 1스푼을 두르고 대파, 생강, 마늘을 넣고 향이 올라올 때까지 가볍게 볶아주세요.",70
586,13,"팬 가장자리에 청주 1t, 간장 1t를 넣어 불향을 살려주세요.",70
587,14,"고추, 쥐똥고추를 넣고 가볍게 볶아주세요.",70
588,15,튀긴 닭을 넣고 물기가 없을 때까지 버무려가며 볶아주세요.,70
589,16,"기호에 따라 참기름 1t를 넣어 마무리한 뒤, 접시에 담아주세요.",70
590,1,"먼저 야채 당근, 양파, 대파를 채 썰어서 준비한다",71
591,2,볶음밥에 핵심 파기름..달군 팬에 기름을 두르고 대파를 먼저 볶는다,71
592,3,그런 다음 양파와 당근을 넣고 함께 볶는다,71
593,4,그 사이로 계란 2개를 깨서 스크램블 해준다,71
594,5,재료들이 적당히 볶아지면 굴소스를 한스푼 넣는다,71
595,6,그 다음 새우를 넣어준다. 냉동 새우는 미리 물에 해동시킨다,71
596,7,"새우가 적당히 익은듯 하면 공기밥을 넣어서 함께 뽂아준다. 간장 1스푼을 팬 가장자리에 둘르고 1분정도 더 볶은뒤 참기름, 후추 넣고 마무리 한다",71
597,8,접시를 준비하고 밥 공기에 볶음밥을 담아서 접시에 뒤집어 놓아준다,71
598,9,공기를 오픈해주면 모양이 잘 잡혀 보기 좋게 담겨진다,71
599,1,"오징어 몸통 부분을 잘라서 칼집을 내놓고, 죽순 1개, 홍피망 1/2개, 청피망 1/2개, 버섯 1/2개를 적당하게 잘라주시고, 새우도 준비해주세요.",72
600,2,"프라이팬에 물을 넣고 라면 1개를 살짝 설익게 삶아주신 뒤, 면만 그릇에 따로 담아주세요.",72
601,3,"라면 삶은 물에서 400ml만 남긴 뒤, 분말스프와 건더기스프를 넣어주세요.",72
602,4,"프라이팬에 손질해 놓은 오징어, 죽순, 홍피망, 청피망, 버섯, 새우를 넣고 끓여주세요.",72
603,5,"전분 1스푼 반, 물 4스푼을 섞어서 프라이팬에 넣어 걸쭉하게 만들어주세요. ",72
604,6,"삶은 라면이 담긴 그릇 위에 다 부어주시고, 그 위에 썰어 놓은 대파 1/4개를 올려주시면 팔보채 라면 완성!",72
605,1,"껍질을 벗긴 감자와 양파, 닭다리살은 작게 한 입 크기로 썬다.",73
606,2,닭다리살에 양념 재료를 넣고 버무린다.,73
607,3,"달군 냄비에 버터를 녹이고 다진 마늘, 감자, 양파를 넣어 중약불에서 볶다가 양파가 투명해지면 닭다리살을 넣고 2~3분간 더 볶는다.",73
608,4,"우유, 토마토소스를 넣고 중불에서 10분간 끓인 뒤 파슬리가루를 뿌려 완성한다. 마지막에 소금, 후추로 간을 더해도 좋아요",73
609,1,"표고버섯, 마늘, 대파는 슬라이스하고 청경채는 밑둥을 잘라 준비한다.",74
610,2,"냄비에 물과 치킨스톡을 넣고 끓인 후 표고버섯, 마늘, 대파, 물만두를 넣고 4분 정도 더 끓인다.",74
611,3,청경채와 후추를 넣고 참기름으로 마무리 한다.,74
612,1,고기는 두유(우유)에 재워둡니다. 누린내와 육질을 연하게 하기 위해서인데 저는 두유밖에 없어서 두유를 썼지만 우유나 소주를 이용해주시는게 훨씬 좋답니다!,75
613,2,양파는 깍둑썰기로 당근은 얇은 반달모양으로 썰어줍니다,75
614,3,"소스재료를 넣고 섞어주세요. 저는 식초 8T, 설탕 8T, 간장 2T, 케첩 4T, 물4T을 넣었습니다!
이 비율을 토대로 본인 입맛에 맞게 맞춰주세요!",75
615,4,재워둔 고기는 한입크기로 썰어주세요,75
616,5,썰어둔 고기에 튀김가루를 묻혀줍니다,75
617,6,"튀김가루를 입은 고기에 튀김옷을 입혀주세요. 튀김옷에는 전분가루 500ml와 달걀 한 개, 물이 들어갔습니다!",75
618,7,"예열해둔 기름에 고기를 넣고 튀겨줍니다. 강불로 달궈준 후에 중불에서 튀겨주세요. 기름예열의 확인은 튀김 옷을 넣고 난 후 올라오면 예열이 된거에요!
크기에 따라 두께에 따라 다르지만 10분정도 튀겨줍니다",75
619,8,"한번 튀긴건 꺼내서 잠시 식혔다가 다시 한 번 튀겨주세요. 이렇게 해야 완전히 익고 바삭한 탕수육이 된답니다!
한번 더 10분정도 튀겨주세요~",75
620,9,소스 만들기를 위해 파기름을 내줍니다,75
621,10,파향이 올라오면 당근과 양파를 넣고 볶아줍니다. 이때 전분물을 만들어주세요! 전분물은 전분가루와 물 1:1로 보시면 되요!,75
622,11,"양파가 익으면 소스를 넣고 물을 적당히 넣고 끓여줍니다.
여기서 간한번 보시고 부족한 간을 맞춰주세요!",75
623,12,소스가 보글보글 끓어오르면 잠시 기다렸다가 전분물을 넣고 농도를 맞춰줍니다,75
624,13,탕수육에 소스를 부어주시면 완성!,75
625,1,"잡채용 돼지고기에 밑간을 해 주고 15분간 재워둡니다
- 저는 잡채용 돼지고기를 사용했는데 없으신 분들은 돼지고기 등심을 길게 썰어서 사용하시면 됩니다",76
626,2,"※밑간 양념
【 맛술 1T, 다진 마늘 0.5T, 설탕 0.5T, 진간장 2T, 후춧가루 약간 】",76
627,3,"빨강 파프리카, 노랑 파프리카 1/2개씩 채 썰어주고
- 파프리카 대신 피망을 사용해도 좋습니다 :)",76
628,4,"표고버섯 밑동을 떼내고 채 썰어주고
- 고추잡채에 표고버섯 많이 들어가니깐 향도 좋고 맛있더라구용
기호에 따라서 양을 조절해주세요 :)",76
629,5,양파도 채 썰고,76
630,6,청양고추도 쫑쫑 썰어줍니다. 재료 준비 완료!!,76
631,7,"고추잡채의 양념을 만들어 줍니다
※ 고추잡채 양념
【 굴 소스 2T, 진간장 2T, 설탕 0.5T, 올리고당 1T, 맛술 2T 】
-밥숟가락 계량
입맛에 따라 원하는 양념을 가감해주세요 :D",76
632,8,"고추기름 1T 두른 팬에 다진 마늘 0.5T 넣고 볶다가
- 고추기름이 없으시면 고춧가루 3T, 식용유 6T, 다진 마늘 1T 섞어서 랩 씌우고 전자레인지에 1분, 30초, 30초 세 번 나눠서 돌린 뒤 위에 뜬 기름을 쓰시면 됩니다 :)",76
633,9,마늘향이 나기 시작하면 돼지고기를 넣고 볶아줍니다,76
634,10,돼지고기가 반쯤 익었을 때 손질해둔 야채를 넣고,76
635,11,"양념을 넣어 볶아줍니다
- 처음부터 야채 넣고 볶을 때까지 센 불에서 볶아주세요
중식의 뽀인트는 화력!!!",76
636,12,맛있게 볶아내면 완성!!,76
637,13,냉동상태의 꽃빵을 담고 랩을 씌운 후 4~5개의 구멍을 뚫어 전자레인지에 1분 30초간 조리하면 끝!!!,76
638,14,알록달록한 채소와 고기를 짭조름한 소스에 볶아내 보기도 좋고 맛도 좋은 고추잡채,76
639,1,토마토는 웨지 모양으로 자른다. 1개당 8등분에서 12등분 정도로 자르면 된다.,77
640,2,계란은 청주 1t와 소금 2-3꼬집을 넣고 잘 풀어놓는다.,77
641,3,식물성기름 1T를 두른 팬을 달군 뒤 풀어놓은 계란을 붓고,77
642,4,바로 주걱 혹은 젓가락으로 휘휘 저어가며 익힌다. 너무 바싹 익히지 말고 촉촉한 상태로 마무리.,77
643,5,스크램블한 계란은 다른 그릇에 옮겨놓고 오일을 1T 정도 더 두르고 다진 마늘을 볶아 향을 낸다.,77
644,6,"토마토를 넣고 볶다가 물 1T와 설탕을 넣고 계속 볶아준다. 토마토에서 물이 많이 나오는 경우 물은 안 넣어도 되고 물기가 별로 없으면 1-2T 정도 추가한다. 소금, 후추로 간한다.",77
645,7,아까 따로 덜어놓은 계란을 넣고 참기름 몇 방울 넣은 뒤 섞어주면 완성!,77
646,8,그릇에 옮긴 뒤 다진 파를 뿌려서 낸다.,77
647,1,"강력분 200g, 설탕 1T, 소금 3g을 넣어서 소금이 이스트와 바로 만나지 않게 밀가루 코팅을 해준다.",78
648,2,"이스트 1t, 올리브오일 10g, 실온 무설탕 요거트 3T도 넣고 잘 섞어준다.",78
649,3,따뜻한 물 70g을 넣고 다시 잘 섞어준다. 쫄깃한 맛을 좋아한다면 많이 치대준다.,78
650,4,5분 정도 열심히 손반죽한다.,78
651,5,따뜻한 곳에서 1시간 발효시킨다.,78
652,6,"1시간 후 두 배로 커지고, 이를 동그랗게 한 덩이로 만들고 6등분으로 나눠준다.",78
653,7,각각 동그란 모양으로 만들어준다.,78
654,8,먼저 밀대로 각 덩어리를 밀어주고 한쪽 끝을 잡고 늘리면서 물방울 모양을 만든다.,78
655,9,"탄력이 좋아서 얇게 잘 안되지만, 피자 도우처럼 얇게 만드는게 맛있다.",78
656,10,팬에 예열을 한 뒤 반죽을 올리고 첫 면은 중불에서 굽는다.,78
657,11,기포가 크게 올라오면 약불로 바꾸고 뒤집어 준다.,78
658,12,"약불에서 골고루 태닝시켜준다. 중불 다음 약불, 이렇게 잘 지켜줘야 볼록한 배를 볼 수 있다. 이때 녹인 버터를 발라주면 더 고소해진다. (선택사항)",78
659,13,"고수를 좋아하면 다진 고수를 뿌리고, 싫으면 파슬리로 시늉만 내준다.",78
660,1,가지는 칼 또는 채칼 등을 이용해 얇게 슬라이스해요.,79
661,2,슬라이스한 가지는 소금을 약간 뿌려요.,79
662,3,고기용 대파는 다져서 준비해요.,79
663,4,"대파 1/4대, 다진 마늘 약간,  굴소스 1T,  후추 약간 준비해요.",79
664,5,"볼에 돼지고기, 대파, 다진 마늘, 후추, 굴소스를(13g) 넣어 버무려요.",79
665,6,가지에 물기가 올라오면 키친타올을 이용해 물기를 닦아요.,79
666,7,가지 위에 양념 된 돼지고기를 얇게 펴 올려요.,79
667,8,가지를 롤로 말아요.,79
668,9,"볼에 전분(30g), 튀김가루(20g), 물을(50g) 섞어 튀김 반죽을 만들어요.",79
669,10,예열된 기름에 노릇하게 튀겨 내요.,79
670,11,"약불에 예열된 팬에 고추기름과(6g) 대파, 마늘을 넣고 볶아요.",79
671,12,"나머지 분량의 소스 재료를 전분을 제외하고 넣어 섞어요.
(간장 10g, 두반장 15g, 굴소스 15g, 설탕 10g, 식초 5g, 맛술 7g, 케찹 10g, 물 45g)",79
672,13,마지막에 전분과(2g) 물을(20g) 섞어 전분 물을 만들어 넣어요.,79
673,14,"튀겨 놓은 가지에 소스를 올려 완성해요.
시판 스위트 칠리소스를 곁들여도 좋아요.",79
674,1,오이는 길게 반을 갈라 얇게 어슷썬다.,80
675,2,"양파, 파프리카는 얇게 채 썬다.",80
676,3,닭가슴살은 전자레인지에 데운 후 먹기 좋게 찢는다.,80
677,4,볼에 소스재료를 모두 넣고 섞는다.,80
678,5,"오이, 양파, 파프리카, 닭가슴살에 소스를 조금씩 넣으며 버무린다.",80
679,6,"그릇에 담고 땅콩분태, 고수를 올려 완성한다.",80
680,1,"양파, 돼지호박, 당근은 채 썬다.",81
681,2,"표고버섯, 죽순은 편 썬다.",81
682,3,청경채는 밑동을 잘라낸다.,81
683,4,깊은 팬에 물을 넣고 끓인다.,81
684,5,"맛술, 간장, 치킨스톡, 소금, 후추를 넣어 국물 간을 한다.",81
685,6,"쭈꾸미, 칵테일 새우, 조갯살, 손질한 채소를 모두 넣고 끓인다.
오징어 등 원하는 해물을 더 넣어도 좋아요.
거품이 생기면 걷어내요.",81
686,7,해물이 모두 익으면 달걀을 풀어 넣는다.,81
687,8,참기름을 두른 후 불을 끈다.,81
688,9,"끓는 물에 면을 삶은 후 찬물에 헹군다.
끓어오르면 찬 물 끼얹는 것을 2~3번 반복해 쫄깃하게 삶아요.",81
689,10,삶은 면을 뜨거운 물에 한번 데쳐 그릇에 담는다.,81
690,11,끓인 육수를 부어 완성한다.,81
691,1,"팬에 아래의 재료를 넣고 약불로 천천히 볶아준다.
마라소스 1T, 다진마늘 1/2T, 굴소스 1/2T, 열라면 스프 (분말스프, 후레이크), 얇은 소고기 취향껏",82
692,2,"고기가 완전히 볶아졌다면, 시판용 사골육수 500ml와 물 80ml를 부어준다.",82
693,3,"아래의 재료를 먹기 좋은 크기로 썰어 넣어준다.
* 취향에 따라 재료를 추가해도 좋다.
알배추 3장, 포도부 4장, 느타리 버섯 취향껏, 어묵볼 5개, 팽이버섯 취향껏",82
694,4,국물이 팔팔 끓어오르면 라면을 넣고 익을 때 까지 끓여준다.,82
695,5,마라맛을 좋아한다면 마라소스의 기름만 걷어내어 1T 추가로 넣어준다.,82
696,1,"아래의 재료를 섞어서 땅콩소스를 만든다.
뜨거운 물 2T, 땅콩잼 1T, 식초 2T, 진간장 1T",83
697,2,"냄비에 아래의 재료를 넣고 끓인다.
닭가슴살, 중화면, 칵테일새우",83
698,3,"냉면 육수에 아래의 재료를 올려주면 완성!
냉면 육수 620g, 삶은 중화면과 칵테일 새우, 계란 지단(달걀 2개, 식용유), 쌈무, 채 썬 오이, 삶은 닭가슴살, 땅콩소스 3숟가락",83
699,1,"팬에 식용유를 넉넉히 붓고 한 입 크기로 자른 두부를 튀긴다. 
식용유, 두부 2모(* 키친타올로 물기를 닦은 후 튀긴다.)",84
700,2,"다른 팬에 아래의 재료를 넣고 볶는다.
식용유 4T, 생강 5g, 대파 100g, 청양고추, 홍고추, 다진 돼지고기 200g",84
701,3,"고기가 익으면 아래의 재료를 넣고 짜장 소스를 만든다.
볶음춘장 3T, 설탕 3T, 맛술 1T, 진간장 1T, 굴소스 1T * 취향에 따라 두반장 0.5숟가락을 넣으면 중국의 맛을 느낄 수 있다.",84
702,4,"짜장소스에 전분물을 넣고 걸쭉하게 만든다.
물 180ml (종이컵 기준 1컵), 전분가루 1T",84
703,5,짜장소스에 튀겨놓은 두부를 넣고 볶아주면 완성!,84
704,1,알싸하고 중독되는 매운맛 마라 소스에 재료를 볶아 만드는 마라샹궈 만들기,85
705,2,"물에 불려야 하는 건조 식재료들은 미리 물에 불려놓습니다
- 중국 당면은 3시간 이상 충분히 불려줘야 됩니다 (시간이 없으신 분들은 따뜻한 물에 불려주세요)
- 불려준 뒤 볶아낼때는 먹기 좋은 크기로 잘라서 넣어주세요",85
706,3,대파는 줄기 부분을 다져주고,85
707,4,마늘은 편 썰어줍니다,85
708,5,알배추는 한 장씩 떼서( 5~6장) 한 입 크기로 잘라줬습니다,85
709,6,느타리버섯은 하나씩 떼서 씻어주고,85
710,7,목이버섯도 한 입 크기로 썰어줍니다,85
711,8,"대패삼겹살 300g 준비하고
대패삼겹살 대신 샤브샤브용 소고기 사용하면 더 맛있어욤 소고기 최고 ♥ㅋㅋ",85
712,9,없어도 되지만 있으면 더욱 맛있는 오징어 1마리와,85
713,10,냉동새우 100g 준비해줬습니다,85
714,11,"재료 준비 완료!!!
마라샹궈는 소스만 준비되면 자기 취향의 식재료를 준비해서 넣어주면 됩니다
냉장고에 있는 재료들로 넣어주시면 돼요 :)",85
715,12,"달궈진 팬에 고추기름 3바퀴 두르고 (약 5~6 큰 술)
- 고추기름이 없으면 식용유 사용하셔도 됩니다 :)",85
716,13,편마늘과 다진 대파를 넣고 볶아줍니다,85
717,14,마늘향이 올라오고 대파가 노릇하게 익었을 때 대패삼겹살을 넣고 볶아줍니다,85
718,15,대패삼겹살이 익으면서 기름이 나오면,85
719,16,센 불에서 모든 재료를 다 넣고 골고루 섞어줍니다,85
720,17,"마라 소스를 넣고
- 마라향에 거부감이 있으신 분들은 소스를 조금씩 넣어가면서 맞춰주세요",85
721,18,센 불에서 모든 재료가 익을 때까지 볶아주면 완성!!!,85
722,19,중독되는 매운맛 마라샹궈,85
723,20,자기 취향대로 재료를 넣어 볶으면 되기 때문에 간단하고 맛있습니다 취향 저격 요리 ♥,85
724,1,먼저 닭고기의 지방은 제거하고 먹기 좋은 크기로 잘라줍니다.,86
725,2,소금 약간을 넣고,86
726,3,"생강즙 3T, 후추 약간을 넣고 버무려 밑간을 해줍니다. (20분)",86
727,4,"대파 1/2개를 송송 자르고 청양고추 2개, 홍고추 2개를 송송 자릅니다.",86
728,5,"양념소스를 만들기 위해 간장 1.5T, 식초 2T, 설탕 2.5T, 굴소스 1t를 그릇에 넣고 잘 섞어줍니다.",86
729,6,"밑간한 고기에 감자전분을 2/3컵 묻히고, 달걀 흰자 1개를 넣고 섞어줍니다.",86
730,7,팬에 식용유를 넉넉히 붓고 반죽을 넣어 온도를 확인하고(반죽이 떠오르면 적정온도),86
731,8,170도에서 닭고리를 넣고 1차로 튀겨줍니다.,86
732,9,고기가 익어서 떠오르면 체에 받쳐서 조심스레 떼어줍니다.,86
733,10,1차로 튀긴 후 잠시 식혀줍니다.,86
734,11,온도를 올려(약 175도) 2차로 튀겨줍니다. 혹시 기름이 튄다면 불을 줄여서 튀겨주세요.,86
735,12,깐풍치킨은 소스에 넣고 볶아야 하기 때문에 살짝 단단하다 싶을 정도로 바싹하게 튀겨주는 게 좋습니다.,86
736,13,웍(팬)에 고추기름 4T 두르고 다진마늘 1T를 볶아줍니다.,86
737,14,"고추 기름을 넣어주고,",86
738,15,대파도 넣고 볶아줍니다.,86
739,16,"이어 청, 홍고추도 넣고 볶아줍니다.",86
740,17,아까 만든 양념 소스도 넣고 끓여줍니다.,86
741,18,마지막으로 아까 튀긴 닭을 넣고 재빨리 볶아줍니다.,86
742,19,불을 끄고 참기름 1/2T를 넣고 한번 더 볶아줍니다. 오래 볶으면 눅눅해질 수 있으니 주의해주세요.,86
743,1,식빵의 가장자리를 잘라낸 후 4등분한다.,87
744,2,차퍼에 손질 생새우와 반죽 재료를 넣고 다져 잘 치댄다.,87
745,3,식빵 위에 새우반죽을 올린 후 다른 식빵으로 덮는다.,87
746,4,"에어프라이어에 멘보샤를 넣고 기름을 약간 뿌린 후 180도에서 7분간 익힌 후 뒤집어 3~4분간 튀겨 완성한다.
칠리소스에 찍어 먹으면 더욱 맛있어요.",87
747,1,대파는 반으로 갈라 송송 썰거나 길게 썰어 준비한다.,88
748,2,돼지고기는 넓적하게 썰어 준비한다.,88
749,3,"양배추, 양파는 큼직하게 썰어준다.",88
750,4,애호박은 반달 모영으로 편 썰어 주고 당근은 채 썬다.,88
751,5,"프라이팬에 식용유를 두르고 고기, 대파를 넣어 볶는다.",88
752,6,"대파와 고기가 노릇해지면 양파,  애호박, 양배추, 당근을 넣어 볶는다.",88
753,7,볶아진 채소를 한쪽으로 몰아둔 후 간장을 넣어 눌어붙도록 한다.,88
754,8,채소 위에 고춧가루를 부어주고 살짝 섞어준 후 물을 붓는다.,88
755,9,"라면수프, 소고기다시다, 꽃소금을 넣어 끓인다.",88
756,10,"육수가 끓으면 면, 달걀을 넣어 익혀준다.",88
757,11,"완성 그릇에 옮겨 담아 후춧가루를 뿌려 완성한다.",88
758,1,우선 닭을 깨끗하게 씻은 후 포크로 콕콕 찍어 칼집을 내어 줍니다,89
759,2,닭 부위는 아무거나 상관없어용. 저는 집에 있던 닭날개를 사용했어요. 냉동했던 닭이라 우유를 부어 30분 정도 잡내제거를 해줬어요.,89
760,3,"요거트 180g, 카레 2T, 고춧가루 1T, 다진마늘 1T, 올리브유 1T, 레몬즙 1t, 식초 1t, 소금 1t, 맛술 1T, 후추 톡톡 분량의 재료를 모두 넣고",89
761,4,분량의 양념을 잘 섞어준 다음에 우유에 담가두었던 닭을 넣고 잘 버무려줍니다.,89
762,5,양념이 쏙쏙 베어들게 냉장고에 넣어 반나절 정도 숙성해주세요.,89
763,6,숙성된 닭은 에어프라이어나 프라이팬에 구워주세요. 에어프라이어를 공회전 시켜 예열해주세요. (185도 10분),89
764,7,그리고 185도 10분~15분 정도 한쪽면을 먼저 구워주세요. 나머지도 반대면도 똑같이 185도 10~15분으로 총 2번 구워줍니다. 에프로 굽기 완성^^,89
765,8,후라이팬으로도 구울 수 있어요. 팬에 식용유를 넉넉히 두른 상태에서 센불로 예열 후 고기를 올려주세요. 처음에는 센불입니다.,89
766,9,"앞, 뒤로 한번씩 센불로 구워준 다음 약불로 줄여주세요. 후라이팬 뚜껑을 닫은 후 5~7분간 천천히 익혀줍니다. 앞, 뒤로 똑같이 5~7분간 구워주면 후라이팬으로 굽기 완성^^
후라이팬 뚜껑을 덮고 구워주면 속까지 잘 익어요.",89
767,1,밥은 접시에 펼쳐 식힌다.,90
768,2,"대파는 송송 썰어 준비하고, 파인애플은 먹기 좋은 크기로 잘라 준비한다. 건새우도 작은 크기로 잘라 준비한다.
-통조림 파인애플 2개, 대파 1/2cup, 건새우 약간",90
769,3,땅콩은 기름 없는 팬에 볶은 후 다져서 준비한다.,90
770,4,팬에 기름을 두르고 대파를 넣는다.,90
771,5,대파가 노릇해지면 한쪽으로 밀고 달걀을 넣어 스크램블을 만든다.,90
772,6,5에 건새우를 넣어 볶는다.,90
773,7,잘 섞이면 새우를 넣어 볶는다.,90
774,8,재료들이 볶아지면 다 같이 섞어 볶는다.,90
775,9,8에 식힌 밥을 넣고 잘 섞는다.,90
776,10,팬 가장자리에 액젓을 둘러 섞는다.,90
777,11,마지막으로 파인애플을 넣고 섞은 후 땅콩을 뿌려 완성한다.,90
778,1,천연조미료를 다시팩에 넣어 주고는 육수를 만들어 줍니다.,91
779,2,훠궈홍탕 스프입니다. 매콤한 고춧기름과 함께 홍탕 특유의 향이 나는 향신료가 들어가져 있습니다.,91
780,3,육수를 만들어 줍니다.,91
781,4,"홍탕육수에 다진마늘, 다진생강, 대파, 그리고 쥐똥고추를 넣어 줍니다. 같이 더욱 진한 육수를 우려내어 주세요. 그리고 간은 굴소스와 두반장 2T, 그리고 치킨스톡으로 해줍니다. 훠궈스프만 넣으면 간이 약하더라구요. 그래서 두반장과 굴소스에 좀더 진한 육수의 맛을 내기 위해서 치킨스톡을 넣어 주었습니다.",91
782,5,건두부는 길쭉하게 썰어서 준비합니다.,91
783,6,납작당면도 준비합니다.,91
784,7,"샤브샤브용 소고기도 준비해 놓고요. 만두도 준비했습니다. 훠궈에 들어가는 재료들은 건두부, 납작당면, 떡국떡, 만두, 샤브샤브용고기 입니다.",91
785,8,"소스를 만들어 줍니다. 땅콩버터 4T, 훠궈스프 1T, 두반장 2T, 칠리소스 2T, 매실액 3T, 참치액 1T, 레몬즙 매콤하면서도 고소한 소스이지요. 칠리소스가 들어가서 색다른 맛을 내어 주고요. 간은 두반장과 참치액으로 해주었습니다.",91
786,9,잘 섞어서 냉장고에 잠시 보관해 놓습니다. 맵기만 한 소스는 아니고요. 매실액이 들어가서 매운맛을 희석시켜 주는 맛이예요. 그리고 강력한 땅콩버터의 맛이 고소하지요. 오히려 느끼할 수 있는 맛을 매운소스가 잡아 줍니다.,91
787,10,"채소와 버섯, 그리고 삶은달걀까지 모두 준비되었습니다. 채소는 쑥갓만 준비했고 팽이버섯을 준비했습니다.",91
788,11,이제 본격적으로 훠궈를 먹어 주어야겠지요. 각종 재료들 준비하고 일단 홍탕육수부터 다시금 뜨겁게 끓여 줍니다.,91
789,12,"각종 재료들을 넣고는 고기가 익을때까지 채소와 버섯을 건져서 소스에 찍어 드시고 고기가 익으면 고기랑 건두부랑 같이 드시면 더욱 맛있습니다. 나중에 만두와 납작당면, 그리고 떡을 넣고 식사대용으로 드시면 밥이 필요없는 한끼가 될 수 있습니다.",91
790,1,"육수는 보리새우와 다시마,게를 넣고 우려주세요.",92
791,2,게살은 밀대로 밀어서 살만 모아주세요.,92
792,3,"먼저 버섯은 가늘게 채썰어주세요. 너무 가늘게 썰면 씹는 질감이 없으니 살짝 도톰하게 썰어주세요.
느타리는 가닥가닥 찢어주세요. 팽이버섯은 밑둥을 자르고 깨끗이 손질해주세요.",92
793,4,"목이버섯은 뜨거운 물에 불려서 바락바락 씻어서 한줌 준비해주세요.
죽순이 있으면 죽순도 채썰어주세요.(전 없어서 패쓰) 칵테일새우는 해동시켜주세요.
양파는 채썰어주세요. 청경채는 새송이버섯 두께로 썰어주세요.
양배추도 같은 크기로 썰어서 한줌 준비해주세요. 파는 다져주세요.",92
794,5,"이제 웍에 다진마늘을 넣고 다진파를 넣고 기름을 넣고 볶아주세요.
이때는 센불로 해주세요.
간장을 눌러주세요. 이제 볶다가 온도가 오르면 소주를 살짝 넣으면 불맛이 살짝 나요.",92
795,6,여기에 돼지고기를 볶다가,92
796,7,칵테일새우를 넣고 볶고,92
797,8,준비해놓은 버섯을 넣고 볶아주세요.,92
798,9,"양파를 넣고 같이 볶아주세요.
이때 옆쪽에 게살을 넣고 볶아서 섞어주세요.",92
799,10,여기에 굴소스로 간을 해주세요.,92
800,11,"골고루 잘 섞어서 볶다가 육수를 자작하게 넣어주세요.
여기에 전 후추로 살짝 간을 해줬어요.",92
801,12,"이제 녹말물을 2~3T 넣고 농도를 조절해주세요.
여기에 청경채 썰은것을 넣고 잘 버무려주세요.",92
802,13,"마지막에 참기름한큰술을 넣으면 완성이에요.
밥을 올리고 유산슬을 담고 실고추로 장식하면 끝이에요.
원래는 부추였는데 전 청경채로 했어요.
작은애가 한그릇 클리어했네요 ㅎㅎ",92
803,1,재료를 준비해주세요.,93
804,2,돼지 앞다리살 200g 잡채용 처럼 길게 썰어 주세요.,93
805,3,파프리카도 길쭉하게~,93
806,4,청경채는 꼭지만 잘라 주세요.,93
807,5,"간장 2T, 굴소스 1T, 올리고당(설탕) 2T, 다진마늘 1T, 후추 조금, 밀가루 1T 잘 섞어주세요.",93
808,6,먼저 돼지고기를 수분이 없을 정도로 볶아주세요.,93
809,7,아까 만든 양념을 넣어주세요.,93
810,8,"청경채, 파프리카를 넣어주세요.",93
811,9,청경채 숨이 죽을 정도로만 볶아 주세요.,93
812,10,기름없이 담백한 중국식 청경채 돼지 볶음 완성입니다.,93
813,11,총 509kcal,93
814,1,"재료:가지3개,대파1개,청양고추3개,홍고추3개,양파1개,식용유
양념재료:고추기름2T,두반장2T,굴소스1T,설탕1T,소금1/3t",94
815,2,"우선 가지는 0.5cm정도 크기로 썰고, 양파1개,청양고추3개,홍고추3개,대파1개를 적당한 크기로 잘라서 준비합니다.",94
816,3,차승원님은 후라이팬에 기름을 두룬후에 가지를 구워주었는데 저는 약불로 기름없이 구워서 수분기를 날려주었어요.,94
817,4,구워서 수분을 날려준 가지는 그릇에 옮겨둡니다.,94
818,5,파의 숨이 죽었다 싶으면 고추기름1T을 넣고 볶아주세요.,94
819,6,"양파와 청양고추,홍고추를 넣고~ 볶다가 양파의 색이 변하기 시작하면",94
820,7,"굴소스1T,두반장2T,설탕1T을 넣고 볶아줍니다.",94
821,8,양념과 야채가 잘섞이면 구워놓았던 가지를 넣고 양념과 잘섞이도록 볶아줍니다,94
822,9,양념과 재료가 잘섞이도록 볶아주면 어향가지볶음 완성입니다.,94
823,10,가지를 한번 구워서 해줬더니 꼬들꼬들하니 맛있더라구요^^,94
824,1,팽이버섯은 밑동을 잘라 3등분하고 양파는 채썰고 대파는 송송 썰어요,95
825,2,팬에 식용유를 두르고 달걀 프라이를 해요,95
826,3,달군 팬에 식용유를 약간 두르고 채 썬 양파와 팽이버섯을 볶아요,95
827,4,팽이버섯의 숨이 죽으면 양념 재료를 넣고 조려요,95
828,5,"밥 위에 팽이버섯볶음, 달걀 프라이를 올린 뒤 대파, 후추, 참기름, 통깨를 뿌려 완성해요",95
829,1,한 컵분량의 우유로 두잔을 만들수 있어요. 250ml 한 컵 준비해주시면 돼요,96
830,2,"차이 두잔 만드려면 가루 홍차나 홍차티백 최소 4개정도 필요해요
*1인에 홍차 티백 최소 2개 필요해요",96
831,3,"우유가 금방 타지 않게 물을 50ml에 해당되는 1/5컵 정도 섞고 홍차 가루와 설탕 2T 그리고 생강 갈은 것을 1T 정도 넣어주세요
*생강 별로 안좋아하시면 생략하셔도 돼요
*설탕 양이 너무 달것 같으면 다 끓이고 마지막에 취향껏 넣어주셔도 돼요
*1인분 끓이실 경우 홍차티백2개, 우유 125ml(반 컵) 물 25ml(1/10컵) 설탕1T, 생강0.5T 넣어서 끓이시면 돼요
*설탕대신 꿀 넣으셔도 돼요:)",96
832,4,우유를 냄비나 포트로 바로 끓이면 밑이 바로 타버리니까 약한 불로 해서 은근히 끓여주세요,96
833,5,"바닥에 타지 않게 저어주면서 끓여주세요
한번 부글부글 끓어오른 다음 2,3분 있다가 꺼주시면 돼요",96
834,6,홍차가 우러나오면서 갈색으로 변했어요,96
835,7,차 거름망이 있어요,96
836,8,다 끓은 차이를 걸러주세요,96
837,9,250ml 그대로 나올 수있고 더 줄을 수도 있어요 그만큼 진해졌다는 뜻이에요,96
838,10,"완성!
맛있게 드세요.
인도에서는 차이를 진하게 우려서 반 컵 분량인 125ml 정도 되는 양을 조그만한 잔에 마시더라고요",96
839,1,"재료는 다듬어서 준비해주세용 양파와 감자는 물에 담궈주세용
양파는(다른재료손질할때매움ㅠㅠ) 매운기를 살짝빼고 감자는 (텁텁한맛이사라짐) 전분끼를빼는거랍니다",97
840,2,순서를 잘못했어요.. 식용유를 두르고당근 감자순으로 볶아주세용,97
841,3,그담 고기를넣고 반정도 볶아줍니다,97
842,4,"그리고 양파 호박을 넣고볶아줍니다!
어떤요리든 채소는 단단한 순서부터 물렁한 채소순으로 볶아줍니다",97
843,5,"춘장은 식용유 3T정도 넣고 볶아주세요
춘장 다볶아짐확인법) 춘장과 식용유가 분리가되지않게 다섞였으면 OK",97
844,6,볶아진 춘장에다가 볶아둔야채를넣고 볶아주세용,97
845,7,그리고 물700cc(3컵반) 정도넣고 야채가 익을때까지 끓여줍니다 저는 먹다가 조금 짜서 반컵정도 더넣었어용,97
846,8,전분은 요렇게 물에 풀어줍니다,97
847,9,채소가 익었으면 전분물을 다붇고 폭폭 끓여줍니다 2분정도,97
848,1,"육수는 디포리와 멸치, 다시마, 건새우로 진하게 내준다",98
849,2,"배추속과 버섯을 채 썰어준다.
배추는 넉넉하게 준비했는데도 끓이다 보니 양이 적어 보인다.
생각보다 많이 넣어도 좋을 듯",98
850,3,시원한 국물 맛을 더해줄 홍합과 달달하고 깊은 맛을 살려줄 가리비도 몇 개 넣어준다,98
851,4,"가리비는 쪄서 그냥 먹어도 맛있지만 국물에 넣어 주면 감칠맛이 배가 된다. 어떤 국물에도 잘 어울리지만 특히나 짬뽕국물에 가리비를 넉넉하게 넣어 주면 무조건 맛있다!!!
팁을 주자면
가리비는 겨울에 아주 저렴하다
인터넷에서 현지 직송으로 배송 받아서 깨끗이 세척을 한 뒤 냉동 보관하면서 국이나 찌개에 넣어 먹는데 그 맛은 다른 조개 보다 훨씬 맛있다",98
852,5,굴을 잘 못 먹는 사람도 각종 해산물을 넣어 짬뽕으로 만들어 주면 거부감 없이 먹을 수 있는 요리,98
853,6,"식용유 4T을 넉넉히 두르고 대파를 듬뿍 넣어 파기름을 만들어준다
고추기름을 따로 넣지 않을거라 식용유를 넉넉하게 둘러 파기름을 만든다",98
854,7,준비한 양파를 넣어 같이 볶아주다가,98
855,8,다른 야채도 함께 볶는다,98
856,9,육수와 함께 더 끓여 주기 때문에 야채는 살짝 숨이 죽을 정도로만 익혀준다,98
857,10,고춧가루를 넣어 잘 섞어 주는데,98
858,11,빨갛고 매콤한 맛을 좋아한다면 고춧가루를 2T 정도 더 첨가해도 좋다,98
859,12,육수를 넣고 끊이기,98
860,13,한소끔 끓어오르면 국간장과 굴 소스를 넣어 주고 소금은 마지막에 입맛에 맞게 간을 한다,98
861,14,홍합과 가리비(조개)를 넣어 끓여주고 마늘을 넣어 끓여준다,98
862,15,굴은 오래 끊이면 질겨지므로 조개들이 살짝 익었을 넣어준다,98
863,16,청경채가 있으면 넣어줘도 좋다,98
864,17,우동 사리를 넣어 주고,98
865,18,"마지막에 소금 간 그리고 후추 톡톡!!!
더 매운걸 좋아한다면 청양고추도 살짝 넣어 주면 좋다",98
866,1,바나나를 슬라이스해서 적당히 썰어 주세요.,99
867,2,계란 1개도 소금 한 꼬집을 넣은 다음에 잘 풀어 주세요.,99
868,3,달군 후라이팬에 버터 한조각을 넣고 약불로 녹여주세요.,99
869,4,녹인 버터를 후라이팬에 골고루 발라주고 또띠아 한 장을 올려주세요.,99
870,5,또띠아 위에 바나나 반개를 올려주세요. 그리고 계란물도 그 위에 살살 부어줍니다.,99
871,6,그 위에 흑설탕 0.5T를 솔솔 뿌려주세요.,99
872,7,약불로 익혀가면서 사방을 접어서 사각형을 만들어 주세요. 이 때 네모난 모양을 잡아주는게 중요해요.,99
873,8,마지막으로 뒤집어서 계란이 익을 때까지 구워주세요.,99
874,9,빵위에 연유를 골고루 뿌려주세요.,99
875,10,먹기 좋은 크기로 잘라주면 바나나로띠 완성이에요.,99
876,1,과일은 물기를 꼼꼼히 제거한다.,100
877,2,귤은 껍질을 벗기고 속 껍질을 제거한다.,100
878,3,"냄비에 설탕, 물을 넣고 끓인다.",100
879,4,설탕이 모두 녹으면 물엿을 넣고 황금빛이 날 때까지 끓여 시럽을 만든다.	,100
880,5,나무젓가락에 귤을 끼워 시럽에 묻힌다.,100
881,6,"이쑤시개를 청포도, 블루베리에 끼워 시럽을 묻힌다.",100
882,7,시럽을 묻힌 과일은 유산지에 올려 완전히 굳혀 완성한다.,100
883,1,"먼저 양파는 1/2개만 썰어주세요.
 부타동은 별다른 야채들이 필요없어요.
 간단하게 양파만 가지고 만들 수 있어서
 자취생들도간단하게 만들수 있습니다.",101
884,2,"그 다음 양념장을 만들어줍니다.
 간장 1.5큰술, 맛술 1큰술, 설탕 1큰술,
 다진마늘 1작은술을 넣고 잘 섞어주세요.
 원래 다진마늘 대신 생강을 넣어주는데요.
 생강이 없어서 저는 다진마늘로 대체 했습니다.",101
885,3,"그 다음 후라이팬에 대패삼겹살 200g을 넣고,
 설탕 1큰술 넣고 볶아줍니다. 고기를 볶을때 설탕을 넣으시면,
 소스도 더 잘베이구요. 고기의 감칠맛을 살려줍니다.",101
886,4,"설탕이 다 녹으면 양파를 넣어주시구요.
 그리고 소스도 같이 넣어줍니다.",101
887,5,"저는 소스가 있는거 보다는 바싹 굽는게 좋더라구요.
 소스가 자작하게 남아있는게 좋으신 분들은
 취향에 따라 맛있게 구워주시구요.",101
888,6,"저는 소스가 있는거 보다는 바싹 굽는게 좋더라구요.
 소스가 자작하게 남아있는게 좋으신 분들은
 취향에 따라 맛있게 구워주시구요.",101
889,7,"그리고 마지막으로
 가운데에 달걀 노른자 1개를 올려줍니다.
 달걀의 비린맛 때문에
 날달걀을 못드시는 분이라면후라이 1개 해서 올려주시구요.",101
890,8,"마지막으로 파슬리 가루 뿌려주시면
 맛있는 부타동 완성입니다.
 생각보다 만들기 너무 간단하구요.
 확실히 일본식이라 그런지
 많이 자극적이지 않구요.
 고기의 달콤 짭짤함과 노른자의 담백함이
 어울려져서 맛있는 한끼로 손색없었습니다.",101
891,1,가지는 껍질을 벗기고 반으로 자른다. 오목한 그릇에 담아 랩을 씌운 뒤 전자렌지에 1분 30초 정도 돌려주세요.,102
892,2,가지를 살짝 식힌뒤 칼집을 내서 펼쳐줍니다.,102
893,3,"간장, 설탕, 청주, 미림, 물을 모두 1:1:1:1:1 비율로 섞어 소스를 만들어주세요. 가지 크기에 따라 1T~1.5T가 적당하고 설탕양은 기호에 따라 조절하세요.",102
894,4,팬에 오일을 두르고 가지를 앞뒤로 노릇노릇하게 구워냅니다.,102
895,5,"만들어둔 소스를 붓고, 살짝 졸이면 완성입니다.",102
896,6,밥위에 남은 소스를 뿌리고 가지조림을 얹으면 완성입니다.,102
897,1,"고등어는 잘 손질되어서 요즘에는 한팩씩 구입가능하죠!
 저도 그것으로 했어요. 자반이면 쌀뜨물에 잠시 담가서 짠기와 비린맛을 잡아주세요.
 잘 손질된 고등어는 칼집을 넣어서 먹기좋은 크기로 썰어주세요.",103
898,2,"물기를 좀 제거해주고 녹말가루를 비닐에 넣고 고등어를 넣고 잘 흔들어주세요.
 그러면 골고루 잘 묻어요~",103
899,3,기름 두른 후라이팬에(기름 많이 넣지마세요.) 노릇하게 앞뒤로 잘 구워주세요.,103
900,4,"이제 분량의 양념소스를 만들어주세요.
 간장4Ts,미림4Ts,마늘3톨,파약간,양파1/4개,설탕1Ts,물2/3컵을 넣고 끓여주세요.",103
901,5,1/3씩 부어서 조려주세요,103
902,6,마지막 1/3정도 넣을때 물엿을 한큰술 넣고 윤기나게 조려주시면 완성이에요~,103
903,1,"양파는 채 썰고 다른 야채들은
 작게 잘라서 준비",104
904,2,소고기도 넉넉하게 준비하고 작게 잘라 주었다,104
905,3,"일본 여행에서 사 왔던
 고체 카레는 가루 카레 보다
 조금 더 진한 맛이 있다
 코스트코나 대형 마트에서도 쉽게 구할 수 있음",104
906,4,"이렇게 두개로 나누어져서
 한 개만 뜯어서 사용해도 좋지만
 우리 아이들이 카레를 무지 좋아해서
 두 개를 모두 조리했다",104
907,5,"평소에 올리브유나 식용유로
 야채를 볶아 주지만
 일본식 카레 만드는 법은
 버터로 볶아준다",104
908,6,"양파는 카라멜 라이징으로 볶아주면
 조금 더 달달하고 깊은 맛이 난다",104
909,7,"양파가 갈색이 될 때까지
 카라멜라이징 하기...
 시간이 좀 걸린다",104
910,8,"볶아 놓은 양파에 잘게 썰어 놓은
 야채를 모두 넣고 볶아주기",104
911,9,"야채가 반쯤 익었을 때
 작게 잘라 놓은 고기도
 같이 볶아준다",104
912,10,"우유 500ml와 물 500ml를
 섞어서 넣어주고
 나중에 농도를 보고 물 200ml를
 추가로 넣어준다",104
913,11,우유를 넣고 끓여서 거품이 생기기 시작~,104
914,12,"잘 끓인 다음 카레를 넣어 준다
 우유를 넣고 끓여서 거품이 생기지만 카레를 넣고 잘 섞어주면서
 끓여주면 거품도 없어짐",104
915,13,"잘 저어주면서 끓여주니
 되직해진다",104
916,14,"이때 물 200ml를 추가로
 넣어주고 농도를 조절한 뒤
 한 소끔 끓여내면 완성",104
917,1,"먹기 편하고 맛도
 좋은 짭조름한 야끼 오니기리 만들기
 밥은 2인분씩 따로 담아서
 하나는 참치 주먹밥, 하나는 후리가케 주먹밥
 두 종류의 주먹밥을 만들 거예요",105
918,2,"· 밥 2인분에 후리가케 2인분의 양을
 넣어주고 참기름 2 큰 술 넣고",105
919,3,골고루 섞어준 뒤,105
920,4,통통한 삼각형 주먹밥을 만들어 줍니다,105
921,5,밥 2인분에 기름은 쫙 빼준 참치를 넣고 참기름 2 큰 술 넣은 뒤,105
922,6,골고루 비벼 줍니다,105
923,7,"마찬가지로
 통통한 삼각형 주먹밥을 만들어 줍니다",105
924,8,"손에 물을 묻혀서
 조물조물 만들어 주면 됩니다",105
925,9,"주먹밥에 바를 간장소스를 만들어 줍니다
 야끼오니기리 간장소스
 【 진간장 2 큰 술, 맛술 1 큰 술, 설탕 0.5 큰 술, 올리고당 1 큰 술 】
 -밥숟가락 계량",105
926,10,"간장소스를 주먹밥 앞뒤에 발라줍니다
 저는 바르는 솔이 없어서 숟가락 뒤편으로 발라줬어요",105
927,11,따란,105
928,12,"기름 살짝 두른 팬에
 중약불에서 구워줍니다",105
929,13,"간장소스 때문에 쉽게 타므로
 불 옆에 붙어서 계속 뒤집어주세요
 노릇노릇 노릇노릇",105
930,14,"노릇노릇 구워내서
 겉 부분은 바삭바삭한 누룽지의 식감과
 달달 짭조름한 간장소스를 발라서 심심하지 않은 맛있는 주먹밥
 야끼 오니기리",105
931,15,"만들 때 밥 한 솥 가득 다 만들어 놓고
 하나씩 랩으로 싸서 냉동실 보관해 놓으면
 허기 질 때 전자레인지로 살짝 돌린 뒤 먹으면 돼서 간단하게 허기 채울 수 있어서 좋습니다",105
932,1,고기는 불고기용으로 준비해서 먹기 좋은 크기로 썰어서 청주 2큰술과 후추 약간을 넣고 재워 둡니다. 이때 다진마늘 반큰술 정도 넣어서 함께 재워주심 더 좋구요.,106
933,2,감자는 1cm내의 두께로 먹기 좋게 썰어서 찬물에 약 20~30분 정도 담궈 전분기를 제거해 줍니다.,106
934,3,"팬에 기름을 두르고 감자를 볶아주다가 겉이 노릇하게 코팅이 되면 다른그릇에 옮겨두고, 불고기 재워둔 것을 넣고 살짝이 핏물이 안보이게만 볶아주세요.",106
935,4,움푹한 팬에 볶은 감자와 고기를 넣고 물 1머그컵과 간장 3큰술을 넣어 센불에서 조리다가 끓으면 중불에서 조려줍니다.,106
936,5,"국물이 2/3정도 조려지면 올리고당 2큰술을 넣고 더 졸여주세요, 감자가 익어 다조려지면 청홍고추를 어슷 썰어서 놓았다가 넣고, 참기름 1큰술과 통깨를 넣어 살살 버무려 줍니다.",106
937,6,국물이 좀더 자작한걸 원하신다면 물을 조금 더 넣어주셔도 되어요. 자박한 국물로 하실때는 당면을 불려 놓으셨다가 넣어 드셔도 맛있겠다 싶네요.,106
938,7,제철감자와 함께 감칠맛 좋은 소고기 넣어 일본식 니쿠자가로 만들어 본 소고기 감자조림 이렇게 담아내 봤답니다.,106
939,8,"여름감자가 파실하니 제철이라 더 맛있긴 하지만 계절 상관없이 맛나게 즐기실 수 있는 조림반찬이에요. 옆지기 말로는 술안주로도 딱이라고 하는데, 미쳐 준비가 안되어 있어서 반주는 없었네요~ㅋㅋ 모든 요리를 안주화 시켜주는 분...ㅋㅋ",106
940,9,"포실포실하니 감자 먹는 맛도 좋고, 쫄깃하고 야들야들한 불고기 먹는 맛이 굿~~ 두가지 함께 먹으니 금상첨화의 맛깔스런 메인반찬까지 된다지요. 요것 또한 밥도둑으로 등극해도 되겠더라는~~",106
941,10,저는 감자만 넣었지만 당근이나 양파 등... 다양한 채소를 곁들여 조리셔도 좋겠다 싶어요. 냉장고 남은 짜투리 채소를 활용하는 요리로 굿이랍니다. 고기 먹는 맛에 아이들이 야채도 덩달아 잘 먹어줄거 같다는~~^^,106
942,11,만들기도 어렵지 않고 달콤 짭조름한것이 입맛 없는 여름찬으로 은근 좋더라구요. 고기 좋아하는 아이들 감자와 함께 또 얼마나 맛나게 먹는지요. 그냥 불고기로 드셔도 좋겠지만 요래 다른방법으로 고기를 즐겨보셔도 괜찮은 일본식 니쿠자가 소고기 감자조림이었답니다. 제철 감자와 함께 오늘 저녁찬으로 푸짐하게 준비해 보시길요~^^,106
943,1,채소는 한입 크기로 썰어둔다.,107
944,2,"소금, 식초, 설탕은 섞는다.
 소금, 설탕이 잘 안 녹으면 물 1T정도 추가해서 녹인다.",107
945,3,"건고추는 씨를 빼고 슬라이스하고,
 (2개 넣음)",107
946,4,새끼손가락 크기의 다시마 2장 사용.,107
947,5,가위로 얇게 자른다.,107
948,6,"지퍼락에 채소와 다시마, 건고추를 모두 넣고,",107
949,7,섞어놓은 소스도 넣는다.,107
950,8,밀봉을 하고 양념이 골고루 잘 들게 문질문질하며 괴롭혀줌.,107
951,9,"공기 완전히 뺀 뒤 무거운 걸로 눌러서 30분 이상 절인다.
 롯지로 눌러서 1시간 넘게 절였다.
 최소 30분 이상 절여서 먹는 게 좋고 냉장고에서 두 세시간이 지나면 더 맛있어짐!",107
952,10,완성!,107
953,1,다른 재료를 준비하는 동안 고기는 밑간 재료에 재워줍니다,108
954,2,실곤약은 찬물에 헹궈서 체에 받쳐 물기를 빼서 대기합니다,108
955,3,대파는 4~5cm 정도로 잘라 기름기 없는 팬에 거뭇하게 구워줍니다. 구운 대파가 스키야키의 맛을 더 살려준답니다,108
956,4,대파를 꺼내고 오일을 살짝 두른다음 두부를 단단하게 부쳐줍니다,108
957,5,두부를 꺼내고 고기를 넣어 붉은 기가 가실 정도로만 볶아줍니다,108
958,6,시금치와 버섯도 다듬고 떡은 한번 헹궈서 전골냄비에 모든 재료를 잘 담습니다,108
959,7,육수와 쯔유를 섞어 재료가 자작하게 잠기도록 부어줍니다,108
960,8,생식이 가능한 신선한 날달걀도 준비합니다,108
961,9,휴대용 렌지에 보글보글 끓여가며 먹습니다,108
962,1,"재료는 간단합니다.
 우엉과 당근.
 우엉은 깨끗히 씻어
 필러로 껍질을 까주세요.",109
963,2,"채칼로 얇게 당근을 채쳐주세요.
 당근 중앙에 젓가락을 끼워서 잡고 하면 손도 안다치고 편해요.",109
964,3,우엉도 중앙에 젓가락을 꽂아 채칼로 얇게 채쳐주세요.,109
965,4,우엉의 오독오독한 식감은 얇게 채쳐도 사라지지않고 오히려 면처럼 먹기 편하답니다.,109
966,5,팬에 참기름 1T,109
967,6,오일1T,109
968,7,"물을 4T를 넣고
 끓어오르면",109
969,8,우엉과 당근을 한번에 넣고 볶아주세요.,109
970,9,"채소 숨이 살짝 죽으면
 설탕2t",109
971,10,간장 1.5T,109
972,11,맛술 1.5T를 넣어 골고루 간이 베이게 볶아 주세요.,109
973,12,양념이 자박한 상태에서,109
974,13,"완전히 졸아들 때까지
 쎈불에 볶아주세요.",109
975,14,다볶아진 킨피라에 통깨를 솔솔 뿌려 주면 완성!,109
976,1,"소고기의 힘줄을 제거해주시고 먹기 좋은 크기로 썰어주세요. 양파는 너무 얇지 않게 균일한 간격으로 썰어주세요. 고기를 써실 때에는 비스듬하게 최대한 면적이 많이 나오게 썰어주세요! 돼지고기라면 익는 정도가 달라서 얇은 곳은 타버리지만 소고기는 빨리 익어서 굷기 차이가 관계없고, 면적이 넓어야 적은 소스량에도 맛이 확실하게 배어듭니다.",110
977,2,양파와 소고기를 먹기 좋은 크기로 썰었어요.,110
978,3,양파를 토치로 겉면을 살짝 그을려서 수분을 확실하게 빼줍니다. 기름 넣으시면 안되요! (수분을 말려주시면 돈부리를 할 때 가수율을 잡아주기 쉬워요! 그리고 양파에 단 맛도 당연 증폭됩니다),110
979,4,"재료 준비 끝입니다. 소고기에 있는 흰 가루는 감자전분입니다. 감자전분과 소고기의 조합은 꾀나 많이 사용됩니다. 얇게 코팅막이 형성 되어 육즙손실을 줄여 고기를 부드럽게 익힐 수 있고, 소스에 닿으면 코팅이 살짝 녹으면서 간이 더욱이 맛있게 벨 수 있어요.",110
980,5,약불에 한쪽면만 갈색으로 익혀줍다.,110
981,6,정종과 미림을 넣고 알콜을 날려주세요. 알콜이 다 없어졌는지 애매하신 분은 이 위에 토치로 살짝 불을 붙여보세요! 안타오른다면 무알콜입니다,110
982,7,"초벌한 양파와 설탕, 간장 굴소스를 넣고 약불 은근히 졸여주세요.",110
983,8,"소스를 콕 찍어 먹어보고 달짝지근한 맛이 난다면 OK!
 돈부리는 맨밥에 소스를 비벼먹는 것이니까 수분을 너무 날리지 말고 자작자작하게 남겨 주세요.",110
984,1,강판에 생강을 갈아 둡니다.,111
985,2,"주재료들 입니다. 일본에서는 구이를 할 때엔, 밀가루를 많이 사용해요. 한국에서는 좀 처럼 사용하지 않는 방법인데, 고등어를 구울 때 에도 밀가루 옷을 얇게 입혀서 지지거나, 닭구이, 돼지구이에도 밀가루 옷을 얇게 입혀요.
 생고기에 적당히 소금 간을 먼저 해둡니다.",111
986,3,소금 간을 한 돼지고기에 밀가루를 뿌려줍니다. 한 쪽면만 뿌리고 잘 섞어두면 본요리 까지의 준비는 완료입니다.,111
987,4,"후라이팬에 기름을 두루지 않고 중불로 굽다가, 고기의 안까지 열이 전해졌다 싶으면 강불로 올려주세요.",111
988,5,"오로시부타 라는 나무 뚜껑인데요 많은 요리에 사용이 가능하니 꼭 구비해두셨으면 하는 바램이 있습니다. 기름이 후라이팬 밖으로 튀는 것을 방지해주며, 무엇 보다 열이 날아가지 않도록 하여 조리시간을 줄여주고, 재료를 고르게 익힐 수 있습니다. 나무로 만들어져서 재료랑 잘 안달라 붙는 성질이 있습니다. 오로시부타가 없으시다면 쿠킹호일에 젓가락으로 구멍을 뚤어 감싸주면 청소꺼리도 많이 줄어들고, 균일하게 재료를 익힐 수 있습니다.",111
989,6,"고기를 뒤집어서 노르스름하게 익힌 다음에 준비해둔 갈아놓은 생강을 넣고 돼지기름에 조금 볶다가 청주와 미림을 넣습니다. 쌘불로 알콜의 향을 다 날린 후 설탕을 넣습니다. 몇번 섞어 준 뒤, 수분이 어느 정도 날아간 다음에 간장을 넣어 마무리 해주면 됩니다.",111
990,1,달걀 3개를 준비합니다.,112
991,2,달걀 3개는 깊은 그릇에 넣고 거품이 많이 생기지 않게 젓가락으로 풀어줍니다.,112
992,3,잘 섞은 달걀물에 설탕을 1/2~1작은술을 넣어줍니다.,112
993,4,미림은 1작은술을 넣어 줍니다.,112
994,5,간장은 1/2~1작은술을 넣어 주세요.,112
995,6,"달궈진 프라이팬에 식용유를 두르고, 불을 최대한 약하게 둡니다.",112
996,7,계란물을 1/4정도 붓고 익기 전에 휘저어서 지단을 도톰하게 만들어 줍니다.,112
997,8,"반숙 상태에서 바닥이 익어 단단히 굳기 시작하자마자, 바로 3번정도 접어서 말아줍니다.",112
998,9,"달걀물 1/3을 붓고, 말아진 달걀과 붙도록 살짝 들어서 연결시켜준 뒤, 역시 반숙으로 익으면, 천천히 말아줍니다.",112
999,10,"앞의 과정을 두번 반복한 뒤, 불을 끄고, 모양을 잡아줍니다.",112
1000,11,칼로 썰어 접시에 담아주면 완성!,112
1001,1,"재료가 참 간단하다
 다른 재료를 더 첨가해도 좋지만
 집에 있는 걸로 간단히 만들어도
 무척이나 맛있다",113
1002,2,"소스는 일본간장 쯔유를 넣어 만들어 봤다
 탕수육이나 치킨 소스처럼
 약간의 달달한 맛이 잘 어울릴 듯해서 만들어 봤는데
 어른부터 아이들까지 모두의 입맛을 잡은 소스!
 쯔유 4 큰 술에 올리고당 1 큰 술을 섞었더니 아게다시도후와 너무도 잘 어울렸다",113
1003,3,"두부 한 모를 사진과 같이
 잘라서 키친타월에 올려 물기를 살짝 빼준다",113
1004,4,"녹말가루는 위생 봉투에 넣어
 사용하는 게 가장 깔끔하고 뒤처리도 쉽다~
 녹말가루에 두부를 넣어 살살 흔들어 주는데
 녹말가루가 많이 묻어나야
 바삭하고 쫄깃하다!
 그래서 한번 녹말 옷을 입힌 두부는
 다시 한 번 녹말가루를 묻혀준다",113
1005,5,"집에서 튀김 요리를 할 때는
 최대한 작은 팬을 사용한다
 몇 번에 나눠서 튀기더라도
 기름을 많이 안 넣고 재료가 기름 속에 퐁당 들어가기 때문에 아주 잘 튀겨진다~",113
1006,6,"역시 집에서 튀기는 튀김은
 기름이 깨끗해서 튀김 색도 깨끗하다!!
 키친타월에 기름을 살짝 빼고",113
1007,7,"개인 접시에 한 조각씩 올려 준다
 준비해둔 송송 썰은 쪽파 몇 개 솔솔 뿌려주고
 진한 일본향이 진동하는 가쓰오부시도 올린다",113
1008,8,"개인 접시에 한 개씩 플레이팅을 해니
 조금 더 파티스러운 느낌이다",113
1009,9,"미리 만들어 둔 소스를 뿌려서 마무리~
 겉은 바삭하고 씹는 순간 쫄깃함이 느껴지는데...
 안은 부드럽다
 모두가 반한 맛이다^^",113
1010,1,"우선,
 밥을 고슬고슬 잘 지어야 하는데요.
 쌀과 물을 1:1로 잡고
 30분 정도 불린다음 밥을 지어줍니다.
 밥이 뜨거울 때
 배합초를 적당히 입맛에 맞게 넣고
 주걱을 세워 십자를 긋듯이 그으면서
 밥에 간이 잘 배일 수 있도록 섞어줍니다.
 [배합초비율]
 식초1: 설탕1/2:소금 한꼬집",114
1011,2,"밥이 체온정도로 식는 동안
 간장소스를 만들어볼께요.
 간장5큰술
 맛술3큰술
 물3큰술
 올리고당3큰술
 1/4개 양파채썬것
 마늘 2알을 칼판으로 으깨기
 쎈불에서 간장물이 끓으면
 약불로 줄여 졸여줍니다.
 (5분~10분 정도)",114
1012,3,"채에 걸러 간장소스를 그릇에 담습니다.
 매실액1큰술을 섞어줍니다.",114
1013,4,"양파는 아주 얇게 채썬다음
 찬물에 30분 정도 담궈 매운맛을 제거합니다.",114
1014,5,"채썬 양파는 샐러드 스피너에 넣고
 물기를 완전히 말립니다.",114
1015,6,"연어를 도톰하게 썰어 가지런히 썰어둡니다.
 1인분에 8조각 정도면 좋습니다.",114
1016,7,"배합초를 섞은 밥이
 체온정도로 식으면
 밥을 산처럼 우뚝 솟게 담고
 간장소스를 넉넉하게 부어줍니다.",114
1017,8,채썬 양파를 올려 밥의 열기를 차단시켜줍니다.,114
1018,9,"먹기 좋게 썰은 연어를 넓은 쪽을 아래방향으로 하고
 밥위에 가지런히 덮어줍니다.",114
1019,10,"연어위에 채썬 양파를 조금 올리고
 가운데 생겨자를 올려줍니다.
 파도 아주 얇게 썰어 올려줍니다.
 (무순이 있으면 무순을 올려줍니다)
 [사케동]이 완성되었습니다.",114
1020,11,"간장소스를 함께 내어
 [사케동] 을 먹을 때
 입맛에 맞게 소스를 첨가하며 먹을 수 있도록 합니다.",114
1021,12,"연어는 회로 먹어도 맛나지만
 요렇게
 고슬고슬한 밥에
 짭조름 달큰~ 간장소스와 함께 먹는 맛도
 참 좋습니다.",114
1022,13,"[사케동]
 맛있게 먹는 방법은요~
 밥을 비비지 마시고,
 연어를 살짝 제끼고 밥과 양파를 한술 뜬 다음
 생와사비 올리고
 그 위에 연어를 올려서
 한입 가득 드셔보세요.
 완전
 입안이 황홀~황홀~
 [사케동]
 손님상에도 왠지 꽤~ 근사할것 같죠?",114
1023,1,닭다리살 200g은 껍질을 바닥으로 두고 한입크기로 썰어주세요.,115
1024,2,"청주 3큰술을 넣고 닭고기를 버무린 뒤에, 후추와 소금 약간, 다진마늘 1/4작은술, 다진생강 1/4작은술을 넣고 잘 섞어준뒤, 20~30분 정도 재워주세요.",115
1025,3,달걀을 풀어준 뒤 1/2만 부어서 섞어주세요.,115
1026,4,간장 1/2큰술을 넣고 잘 섞어주세요.,115
1027,5,"녹말가루 3큰술을 넣고 골고루 잘 섞어준 뒤, 하나하나 닭껍질을 살에 잘 감싸서 튀길준비를 합니다.",115
1028,6,"깊은 팬에 식용유 온도가 170도 정도 또는 반죽물을 한방을 떨어 뜨렸을 때, 바로 떠오르면서 기포가 생기면, 큰 것부터 넣어 튀겨줍니다.",115
1029,7,2~3분 정도 지나서 튀김이 살짝 단단해지면 꺼내서 5분간 둡니다.,115
1030,8,"이번엔 처음보다 기름온도를(180도) 살짝만 더 올려준 뒤에, 노릇노릇하게 다시 튀겨줍니다.",115
1031,9,튀겨낸 가라아게는 건져내 기름을 잠시 빼줍니다.,115
1032,10,접시에 담으면 완성!,115
1033,1,"오이와 토마토는 깨끗이
 씻어 주고
 (토마토가 작아서 두개 했어요)
 오이 표면에 있는 오돌도톨한
 부분을 살짝 제거 해 주세요",116
1034,2,"오이는 반으로 잘라서
 씨를 제거 해 주고 ~",116
1035,3,오이는 1.5cm 정도로 썰어 주고 ~,116
1036,4,"꽃소금 약간 넣어
 섞어 준 다음
 10분 절임 하고 ~",116
1037,5,"키친타올에 수분기
 제거 하고 ~",116
1038,6,볼에 담아 주세요,116
1039,7,"토마토는 십자로 썰어 주고
 다시 반으로 잘라서 ~",116
1040,8,씨를 제거 해 주세요,116
1041,9,양념 만들어 주고 ~,116
1042,10,"깨소금은 바로 곱게
 갈아 주면 더
 맛있어요",116
1043,11,양념은 잘 섞어 주세요,116
1044,12,"볼에 오이와 토마토
 담아 주고 ~",116
1045,13,양념 넣어 주고 ~,116
1046,14,살살 버무려 주면 됩니다,116
1047,15,접시에 담아 주고 ~,116
1048,1,프라이팬에 물을 붓는다. (머그컵 한컵 부족하면 중간에 더 넣음.),117
1049,2,물이 끓으면 면을 넣는다.,117
1050,3,"면이 잘 익으면 그때 라면 스프를 골고루 뿌려준다.
 (스프의 반 크기만)",117
1051,4,면이 스프랑 잘 썪였을때 건더기 스프를 넣는다.,117
1052,5,"물이 없어지고, 건더기스프가 다 익으면 면의 중앙에 공간을 만든다.",117
1053,6,"공간에 달걀을 넣고 프라이팬 뚜껑을 닫은다음
 달걀이 반숙이 될때까지 기다린다.",117
1054,7,"반숙이 되면 가스불을 끄고 뚜껑을 열고 맛있게 드시면
 됩니다.",117
1055,8,그리고 반숙 달걀을 터트리고 비벼드시면 됩니다.,117
1056,1,"양파 반 개를 채썰어 놓고, 파도 어슷썰어 놓는다.",118
1057,2,"닭가슴살은 칼집을 넣고 먹기 좋은 크기로 자른다. 소금, 후추도 넉넉히 뿌려서 밑간한다.",118
1058,3,여기서 사용한 쯔유는 돈부리를 만들 때 1:3 비율로 희석. 쯔유 2T(30ml)와 물 6T(90ml)를 섞고 설탕 크게 한 꼬집 넣어서 육수를 완성.,118
1059,4,팬에 섞어놓은 육수를 넣고 바글바글 끓기 시작하면 고기를 넣고 반쯤 익힌다. (중불),118
1060,5,고기가 반쯤 익어 하얗게 변하면 바로 양파를 넣고 자리 잡아준 뒤 뚜껑 덮어서 2분 정도 끓인다.,118
1061,6,고기가 익고 양파가 부드러워졌으면 썰어놓은 파를 넣은 뒤 살짝 풀어놓은 달걀(젓가락으로 10회정도만 가볍게 풀어준다)을 반쯤 넣는다. 달걀이 반쯤 익으면 나머지 계란도 마저 둘러준 뒤 바로 불을 끈다. 뚜껑 덮어 10-20초간 잔열로 반숙 정도로 익힌다.,118
1062,7,"밥을 퍼담고, 뒤집개로 크게 떠서 밥 위에 올리면 완성된다. 팬에 남은 국물도 다 부어준다.",118
1063,1,"양배추와 양파는 채 썰고, 쪽파는 송송 썰어요.",119
1064,2,"볼에 달걀을 깨 넣고 물, 간장, 후춧가루를 넣고 섞은 뒤 부침가루, 을 넣고 마른 가루 없이 섞어요.",119
1065,3,"채 썬 양배추와 양파, 쪽파를 넣고 섞어요.",119
1066,4,뜨겁게 달군 팬에 식용유를 넉넉히 두르고 반죽을 얹어 도톰하게 모양을 구워요.,119
1067,5,바닥면이 노릇하게 익으면 베이컨을 나란히 얹고 뒤집어 노릇하게 조금 더 구워요.,119
1068,6,"오코노미야키소스와 마요네즈, 가스오부시, 송송 썬 쪽파를 뿌려 마무리.",119
1069,1,"먼저 달걀 2개를 넣고
 크래미 3개는 잘게 찢어 넣은 뒤
 잘 섞어줍니다.",120
1070,2,"다음은 바로 소스를 만들어주세요.
 물 1/2컵, 설탕 1큰술, 간장 1큰술, 식초 1큰술,
 맛술 1큰술, 굴소스 1큰술을 넣고
 잘 섞어주면서 중약불에서 끓여주세요.",120
1071,3,"소스가 끓어오르면
 전분물을 넣고 걸죽하게 끓여주면
 소스 완성!",120
1072,4,"중불로 달군 프라이팬에 달걀물을 넣고
 스크램블 하듯 젓가락으로 잘 섞으면서 익혀주세요.",120
1073,5,"너무 많이 익히지 말고
 적당히 윗부분이 촉촉할 정도까지만 익혀주면 됩니다.",120
1074,6,"뜨거운 밥위에 달걀을 올리고
 소스를 듬뿍 부은 뒤
 대파 송송 썰어서 올려주면 완성입니다.",120
1075,1,꽁치통조림 400g 한개를 준비해 체에 받쳐 국물을 빼줍니다.,121
1076,2,냄비에 엄지 손가락 두마디 크기의 생강 1개를 져며 넣고 설탕 2큰술 넣어 줍니다.,121
1077,3,"그리고 간장 1/3컵, 물 1/3컵, 맛술 1/3컵을 부어 줍니다. 간장: 물: 맛술 = 1 : 1 : 1 비율로 넣어주세요. 전 맛술대신 청주를 사용했어요.",121
1078,4,그리고 국물뺀 꽁치를 넣고 끓여 줍니다.,121
1079,5,윤기를 위해 식용유 1큰술을 넣어 줍니다.,121
1080,6,향을 위해 청양고추 2개를 쏭쏭~ 썰어 넣고 졸여줍니다.,121
1081,7,조림장이 반정도 줄어 들면 꽈리고추 15개를 반으로 잘라 넣어 줍니다.,121
1082,8,색감을 위해 빨간고추 2개를 쏭쏭~ 썰어 넣고 졸여 주었습니다.,121
1083,9,조림장이 거의 줄어 들도록 졸여 주시면 되겠습니다. 마지막에 통깨 솔솔~ 뿌려 주세요.,121
1084,10,생물 꽁치가 아니라 익은 통조림 꽁치라 조리시간도 빠르고 비린내도 없고 손질도 간편하고 가시 걱정없이 그냥 맛나게 먹으면 된답니다. 꼬리고추와 꽁치살을 한입에 넣고 먹으니 정말 맛있어요.,121
1085,1,"원래 닭고기는 뼈와 같이 쓰는것이 더욱 좋아요. 왜냐면 뼈에서 사골육수가 나오기때문에 좋은데 전 그냥 살코기로 했어요.
 살코기로 하실경우는 약간의 요리수나 그런것을 나중에 넣으시면 좋아요.
 살코기는 한입크기로 좀 크게 썰어서 소금후추로 밑간을 해놓아요.",122
1086,2,"이때 소주를 살짝 뿌려주면 잡내도 사라지니 이용해보세요.
 닭고기가 재워지면 밀가루를 비닐봉지에 약2큰술정도 넣고 골고루 버무려주세요.",122
1087,3,"감자와 당근은 큼직하게 썰어서 준비해주세요.
 감자는 물에 10분이상 담가 전분기를 살짝 빼주세요.",122
1088,4,브로콜리는 먹기좋은 크기로 떼어서 준비해주세요.,122
1089,5,"양송이는 안쪽에 먼지를 제거하고 키친타월이나 물에 가볍게 행구세요.
 이제 닭고기는 살짝 기름을 두른후 앞뒤로 구워주세요.",122
1090,6,"구워주는 의미는 육즙이 빠져나가지 않게 하기 위함이에요.
 겉면만 익혀준다는 것처럼 하고 끓일 냄비에 넣어주세요.
 야채도 그 후라이팬에 넣고 오일을 두르고 양파를 갈색이 날정도로 볶다가 감자-당근을 넣고 볶아주세요.",122
1091,7,고기넣은 냄비에 같이 쏟아넣고 브로콜리와 양송이도 섞어서 물이 잠길만큼 넣고 끓이세요.,122
1092,8,"이때 살코기로만 한다면 요리수나 약간의 감미료를 살짝 섞어도 좋아요.
 이제 후라이팬에 버터2큰술을 넣고 녹으면 밀가루2큰술을 넣고 화이트루를 만들어주세요.",122
1093,9,얼추다 녹으면 우유한컵반(300ml)을 넣고 농도가 생기면 끓고있는 냄비에 같이 섞어서 은근한 불에 충분히 끓여주세요.,122
1094,10,"간은 소금,후추로 해주시면 완성이에요.",122
1095,11,더 깊은 맛을 원하신다면 물과 함께 화이트와인을 섞으셔도 좋아요.,122
1096,1,무를 먹기 쉬운 크기에 자르고 끓입니다.,123
1097,2,비등하면 그대로 5분 ~,123
1098,3,일단 소쿠리로 물기를 뺍니다.,123
1099,4,팬에 버터를 데우고 마늘을 볶습니다.,123
1100,5,무를 넣고 볶습니다~,123
1101,6,"불이 통하면 간장,소금,고춧가루를 뿌립니다.",123
1102,7,잘 볶은후에 대파를 놓고 완성~,123
1103,1,제가 사용하고있는 야끼소바 면과 소스예요~ 저야끼소바 면을 사면 4인분과 소스 4개가 들어있어요. 옆에 소스를 따로 구입하는 이유는 저는 야채를 듬뿍넣어서 소스가 좀 부족하더라구요. 적당량의 야채를 넣으면 간이 맞아요.,124
1104,2,양배추와 적채를 채를 썰어 준비해두어요~ 야채는 집에있는거 아무거나 다 넣으셔도 되요.,124
1105,3,양파와 파도 썰어서 준비해둡니다. 베이컨과 해물도 미리 손질해서 준비해두세요.,124
1106,4,팬에 기름을 두르고 중불에서 다진마늘을 넣고~마늘향이 듬뿍나게 볶아주세요~,124
1107,5,마늘향이 살짝나기 시작하면 잘라둔 베이컨을 넣고 볶아줍니다.,124
1108,6,새우도 넣고 반쯤 익을때까지 볶아주세요.,124
1109,7,썰어논 양배추와 적채를 넣고 숨이 살짝 죽을때까지 볶아주세요.,124
1110,8,양파와 파도 넣어주고요.,124
1111,9,야끼소바 소스를 반정도 넣어준후 센불에서 휘리릭~볶아주세요.,124
1112,10,야끼소바면은 따로 데쳐낼 필요없이 바로 투입하여 주시면 되요. 금방풀리면서 잘 익거든요. 야채들이 다볶아지고 익으면 면을 넣고. 남은 소스를 부어 주세요.,124
1113,11,주걱으로 면을 풀어주고 볶아내세요~ 요면은 잘익으니 잘봐주셔야해요. 아니면 금방 불어요. 간을 보고 소스가 작으면 좀더 넣어주셔서 간을 맞춰줍니다. 면만 다익으면 오케이~,124
1114,1,모든 재료는 적당한 크기로 썰어놓는다.,125
1115,2,"쌀은 깨끗이 헹궈 물기를 빼고 간장 2T, 미림 2T, 설탕 1t, 소금 약간을 넣는다.",125
1116,3,밥솥 눈금에 맞게 물을 부어준다(간장 양념과 물 섞은 것이 보통 밥 지을 때의 물양과 같으면 된다),125
1117,4,"닭고기, 연근, 곤약, 당근, 버섯을 차곡차곡 넣는다.",125
1118,5,그냥 쌀밥 하듯이 취사하면 된다.,125
1119,6,주걱으로 살살 섞는다.,125
1120,7,그릇에 담아내면 완성.,125
1121,1,양배추는 곱게 채 썰어 준비한다.,126
1122,2,양배추를 기름 없이 살짝 볶는다.,126
1123,3,볶은 양배추는 식혀준다.,126
1124,4,식혀준 양배추에 분량의 재료를 넣고 섞는다.,126
1125,1,감자는 껍질을 벗겨요.,127
1126,2,"껍질을 벗긴 감자를 냄비에 담고, 감자의 2/3 정도 잠기게 물을 부어요.",127
1127,3,그리고 소금을 1작은술 넣은 다음 뚜껑을 덮고 중불에서 25-30분간 삶습니다.,127
1128,4,이렇게 젓가락으로 꾹 찔렀을 때 푹 들어가면 잘 익은 거랍니다!,127
1129,5,"익은 감자를 볼에 담고 으깹니다.
 최대한 곱게 으깨야 이따 빚기 쉬워요!",127
1130,6,그리고 감자 전분을 3큰술 넣은 뒤 주걱으로 골고루 섞어 줍니다.,127
1131,7,이렇게 일반적인 밀가루 반죽의 느낌이 나게끔 섞어 주시면 돼요. 만약 반죽이 질다면 감자 전분을 조금 더 넣고 저어 주시면 됩니다.,127
1132,8,이제 감자 반죽을 적당량 떼어 내서 동글동글하게 뭉쳐요.,127
1133,9,"그리고 엄지손가락으로 가운데를 꾹꾹 눌러 홈을 파고, 피자치즈를 적절히 넣습니다.",127
1134,10,반죽으로 치즈를 감싼 뒤 다시 한번 동글동글하게 뭉친 다음,127
1135,11,손바닥으로 꾸욱 눌러 납작하게 만들어 주세요.,127
1136,12,"그럼 감자떡 빚기 완료입니다!
 감자떡은 너무 얇은 것보다 살짝 도톰한 게 훨씬 맛있어요! 그러니 사진처럼 적당히 두께감이 있게 빚어 주세요!",127
1137,13,"간장 1큰술, 설탕 1큰술, 맛술 1큰술, 물 2큰술을 넣고 잘 섞어 양념장을 만듭니다.",127
1138,14,이제 프라이팬에 기름을 넉넉하게 두르고 중불로 달궈요. 기름은 전을 할 때처럼 듬뿍 넣어 주시면 됩니다!,127
1139,15,프라이팬이 달궈지면 빚어 놓은 감자떡을 넣고 5분 정도 구워요.,127
1140,16,그리고 뒤집은 다음 2분 정도 더 굽습니다.,127
1141,17,이제 소스와 버터 10g을 넣은 다음 프라이팬을 살짝 들고 흔들어서 감자떡의 아래 부분까지 소스가 잘 들어가도록 해요.,127
1142,18,"소스가 졸아들 때까지 앞뒤로 뒤집어 가며 구우면 이모모찌, 일본식 감자떡 완성이랍니다!",127
1143,1,"(2인분기준)
 재료: 미소된장, 물5컵(종이컵기준),두부반모,팽이버섯 조금(500원짜리동전만큼),쪽파 조금(10원짜리만큼),소금,가쯔오브시한움큼",128
1144,2,"미소된장국의 재료로 미역도 넣고 유부도 넣고 하시는 분들도 계시지만~
 좀 간단하게 만들어 볼거예요
 두부는 가로세로1cm정도 크기로 깍뚝 썰구요
 쪽파도 1cm크기정도로~
 팽이버섯은 2cm정도 크기로 잘라주세요
 이게 정답은 아닌데 전 좀 작게 써는게 후루룩 먹기 좋더라구요",128
1145,3,"미소된장국에 넣을 가쯔오브시를 한움큼 준비합니다.
 (만약 집에 가쯔오브시가 없으시면 이부분은 패스해도 상관없어요~)",128
1146,4,"종이컵기준 물을 5컵을 냄비에 넣고 끓여주시다가 막 끓어 오르면, 채에 걸쳐서 가쯔오부시를 넣어줍니다.
 가쯔오부시를 넣고 후루룩 끓어 오르면1분정도더 끓어주시고 채반만 빼주고 가쯔오부시는 버려주세요",128
1147,5,가쯔오부시 국물이 우려난 물에 미소된장을 한스푼을 넣어줍니다.,128
1148,6,여기에 미리 썰어두었던 두부와 팽이버섯을 넣어줍니다.,128
1149,7,"소금을 조금씩 넣어가면서 간을 봐주세요
 간이 너무 세지 않고 심심하게 해주는게 좋더라구요",128
1150,8,마지막 간까지 다해주었으면 쪽파를 넣고 1분정도 더 끓어주시고 불을 꺼주시면 일본식 된장국인 미소된장국 완성,128
1151,1,"자~ 들어갈 재료를 전부 도마 위에 보기 좋기 정렬 해보았어요! 지금 도마 위에 없는 것이 달걀 두개와, 식초 한 큰술, 치킨스톡 (뜨거운 물에 푼것 종이컵 반에 반의 량) 이 없네요~ ㅎㅎ 재료를 손질해주세요. 케첩양은 마요네즈의 두배이고, 마요네즈는 굴소스의 두배입니다.
 *마요네즈를 넣는건 정말 비밀이예요! 너무 맛있어지거든요.",129
1152,2,"물 1.5L 정도에 소금을 40g 정도 넣었어요. 바닷물 처럼 짜야 파스타가 맛있습니다. 밑간이지요! 저는 7분을 맞추어 두었는데, 사용하시는 파스타 면의 굷기나 성분의 차이나, 집집마다 화구의 열이 각각 다 다르기 때문에, 의미가 없습니다. 6분 이상 부터 30초 간격으로 조금 씩 꺼내서 드셔보시는게 가장 현명합니다.",129
1153,3,파스타 삶는 물에 청경체를 넣고 15초 정도 살짝 데쳤습니다. 그리고 마늘은 알갱이가 살짝 있도록 잘라두었어요. 너무 다져버리시면 햄이 익기 전에 타버릴 수 있기에 조금 굷게 다지시는게 좋습니다.,129
1154,4,"버터를 녹힌 팬에 마늘을 넣고, (마늘의 매운맛은 몇 초 후 다 빠집니다) 15초 후 즈음 스팸을 넣습니다. 팬을 손으로 들었다 놓았다 하면서 화력을 조절해 주세요. 전 약불로 은근하게 마늘의 향을 최대한 뽑아냅니다. 불조절의 미묘함이 '맛' 이라는 성의 기본을 탄탄하게 만들어줍니다.",129
1155,5,"햄을 후라이팬이 1차적으로 다 피셔서 햄에서의 기름이 나오기 시작하면 마늘은 천천히 타게 될 것입니다! 그리고 기름이 나오는 순간 나머지 야채를 넣어주세요!
 전 야채를 조금 밑간 하고 싶어서 소금 살짝이랑, 설탕 살짝 꼬집어서 넣어주었어요. (업장용은 이곳에 미원이나, 다시다, 혼다시 등을 살짝 꼬집어서 넣어주면 되요.)",129
1156,6,"다 익혀둔 면을 넣습니다! 전 면을 삶을 때에 기름을 안넣는데요. 제발 넣지 말아주세요. 그냥 틈틈히 끓고있는 면을 잘 젓어주면 절대 엉켜붙지 않아요. 괜히 의미없는 부분으로 칼로리만 높아집니다 ..
 미리 개어두었던 치킨 스톡을 지금 이 순간 면 위에 붓습니다. 면을 잘 풀어주고요, 마늘이 더 이상 타지 않고, 채소들도 한껏 채수를 내뱉어 줄 것입니다. 치킨 스톡으로 면에 기본 향을 입힐 수 있기 때문에, 파스타를 먹는 내내 100% 꽉찬 맛을 느낄 수 있어요. 그 팁은 맛을 켭켭히 쌓기입니다.",129
1157,7,미리 담아두었던 나포리탄 소스를 붓습니다. 그리고 식초를 반 큰술(식성에 따라 한큰술까지)을 넣어줍니다. 식초를 많이 넣는다고 많이 시거나 하지 않습니다. 식초가 들어가야 정말 나포리탄입니다. 그래서 입맛 없을 때 먹으면 정말 맛나요. 재료 전체가 다 익혀진 것이기에 소스가 뭍을 정도만 볶아주고 불을 꺼주세요.,129
1158,8,"반들반들 닦아 두신 접시에 토핑으로는 남은 스팸 한 조각과 달걀 후라이, 그리고 ""치즈 그라나파다노"" 를 갈아주세요~ 대치고 남은 청경체 꼭따리는 장미랍시고 올려두었습니다",129
1159,1,냄비에 물 9컵과 다시마를 넣고 끓기 시작하면 다시마를 건진 뒤 불을 끈다. 가다랭이포를 넣고 5분간 우린 후 체에 걸러 다시물을 만든다.,130
1160,2,곤약은 7*3cm 크기로 잘라 5mm 두께로 썬 뒤 가운데 칼집을 넣고 한 번 꼬아 모양을 낸다.,130
1161,3,무와 당근을 밤알만한 크기로 잘라 모서리를 둥글게 다듬어 둔다.,130
1162,4,끓는 물에 무와 당근을 넣어 반 정도 익으면 건져둔다. 곤약과 어묵은 살짝 데쳐 건져둔다. 달걀은 완숙으로 익혀 껍질을 벗긴다.,130
1163,5,"냄비에 다시물 3컵과 간장 3큰술, 청주 2큰술, 설탕 1큰술을 넣고 익힌 무와 당근, 곤약, 삶은 달걀을 넣어 약한 불에서 10분 정도 졸인다. 졸인 달걀은 반으로 썰어 둔다.",130
1164,6,"냄비에 무와 당근, 곤약, 어묵을 담고 다시물 5컵과 간장 1큰술, 청주 1큰술을 넣어 중불에서 3분 정도 끓인 뒤 설탕 약간과 소금 약간으로 간을 한다. 그릇에 달걀과 쑥갓, 완성된 어묵탕을 담고 연겨자를 곁들인다.",130
1165,1,"후라이팬에 고추기름, 다진소고기, 진간장, 다진마늘을 넣고 수분을 날려가며 소고기를 바짝 볶아준다.",131
1166,2,"다 볶은 소고기는 잠시 다른 그릇에 옮겨두고, 소고기를 볶았던 후라이팬에 그대로 양념 재료를 넣고 잘 섞은 뒤 약불로 살짝 졸여준다.",131
1167,3,냄비의 2/3정도 물을 넣고 칼국수면 1.5인분을 반만 익을 정도로만 삶아준다.,131
1168,4,칼국수면이 반정도 익으면 면을 건져 ‘2’의 양념이 담긴 후라이팬에 넣고 칼국수 면이 완전히 익을 때 까지 양념과 함께 볶아준다.,131
1169,5,"다 익은 면을 그릇에 담고 부추를 작게 썰어 넉넉히 올려준 뒤 볶은 소고기, 김가루 1숟가락, 가쓰오부시 1숟가락, 계란 노른자 1개를 올려 마무리한다.",131
1170,1,"양념 재료를 모두 넣고 약불에서 10분만 끓여준다.
 가쓰오부시가 들어가 있어 센불에서 오래끓이게 되면 쓴맛이 날 수 있으므로 약불에서 10분정도만 끓여준다. (오래 끓이지 않는다.)",132
1171,2,통삼겹을 손가락 길이정도로 큼직하게 잘라준 뒤 팬에 식용유 2숟가락을 둘러 모든 면에 색이 진하게 나도록 노릇하게 구워준다.,132
1172,3,"통삼겹이 노릇하게 구워진 냄비에 그대로 생강, 삶은 달걀, 대파, 꽈리고추를 모두 넣는다.",132
1173,4,미리 만들어둔 간장 육수를 채에 걸러 건더기를 빼고 모두 넣어준다.,132
1174,5,재료가 잠길만큼 물을 부어준 뒤 2시간동안 끓여준다. 물은 중간중간 보충해가면서 끓여주어야 한다. 으스러질 정도의 부드러운 식감을 원하면 3시간동안 푹 끓여준다.,132
1175,6,1인분 기준으로 삼겹살 한 덩이는 잘게 다져주고 나머지 한 덩이는 먹기 좋은 크기로 일정하게 썰어준다.,132
1176,7,"밥 위에 다진 고기, 얇게 썰은 고기를 올리고 꽈리고추와 달걀을 올려주면 맛있는 장조림 덥밥이 완성된다.",132
1177,1,큰 볼에 반죽 재료를 모두 넣어 잘 섞어 타코야끼 반죽을 만들어준다.,133
1178,2,후라이팬에 식용유를 부어 충분히 코팅을 해준 뒤 4구팬에 만들어둔 반죽을 부어준다.,133
1179,3,문어 다리를 작은 크기로 잘라준 뒤 반죽물 2개에 문어를 넉넉히 올려준다.,133
1180,4,쪽파를 작게 썰어 나머지 2개의 반죽물에 넉넉히 올려준다.,133
1181,5,반죽의 아랫면이 익어 살짝 노릇한 색을 띄면 쪽파를 올린 반죽을 문어 있는 반죽과 맞닿도록 올려준다.,133
1182,6,반죽이 잘 붙도록 살짝씩 눌러주며 뒤집어가며 앞 뒷면을 모두 바삭하게 구워준다.,133
1183,7,잘 구워진 타코야끼를 취향에 맞게 2등분 또는 4등분해준다.,133
1184,8,"마요네즈, 데리야끼 소스, 파슬리 (또는 대파 또는 쪽파), 가쓰오부시를 취향껏 올려 토핑해준다.",133
1185,1,"식용유를 조금 두른 팬에 대패삼겹살, 양배추, 숙주, 소금, 후추를 넣고 채소의 숨이 죽을 때 까지 볶는다.",134
1186,2,"볼에 달걀 5개와 우유 90ml (종이컵 기준 1/2컵)를 넣고 잘 섞은 뒤, 팬에 식용유를 넉넉히 두르고 계란물을 얇게 부어 익힌다.",134
1187,3,달걀이 살짝 익으면 만들어 둔 속재료를 중간중간 넣어가며 터지지 않게 잘 만다.,134
1188,4,"마지막으로 데리야끼 소스, 마요네즈를 뿌리고, 다진 쪽파, 가쓰오부시, 파슬리를 올려 마무리한다.",134
1189,1,"뚝배기에 물, 생생우동, 볶음김치, 고춧가루를 넣고 끓인다.",135
1190,2,"우동 면이 살짝 익으면 썰은 돈까스, 달걀, 쪽파를 넣고 끓여주면 완성!",135
1191,1,볼에 유부초밥을 제외한 모든 재료를 넣고 섞는다. (연어는 미리 다져준다),136
1192,2,유부초밥 위에 올려주면 완성!,136
1193,1,"후라이팬에 아래의 식용유, 닭봉을 넣고 굽는다.",137
1194,2,"닭의 겉면이 노릇노릇해지면 물, 양념, 설탕, 메추리알, 베트남 고추를 넣고 국물이 쫄아들 때까지 끓여주면 완성!",137
1195,1,"끓는 물 300ml에 다시마,가쯔오부시를 넣고 우린다.",138
1196,2,달걀을 채에 걸러서 풀어준다.,138
1197,3,"우려놓은 가쓰오부시 육수를 채에 걸러서 넣고 맛술, 맛소금과 함께 섞는다.",138
1198,4,쿠킹 호일로 덮어준 다음 찜기에 넣고 20분간 쪄준다.,138
1199,5,"잘 익은 계란찜을 칼로 살짝 잘라주고 쯔유, 쪽파를 올리면 완성!",138
1200,1,"팬에 돼지고기, 양파, 마늘, 생강을 넣고 양파가 보이지 않을 때까지 약불로 1시간 동안 볶는다.",139
1201,2,"양파가 보이지 않을 정도가 되면 다진 토마토, 골든카레, 땅콩버터, 계피가루를 넣고 카레가 녹을 때까지 볶으면서 섞는다.",139
1202,3,"밥 위에 카레와 계란 노른자, 파슬리를 올려주면 완성!",139
1203,1,"밥솥의 밥을 우선 밥공기에 담아 냉동실에 넣어두세요. 이렇게 하면 더 고슬고슬한 식감을 살릴 수 있습니다. 저는 현미밥이에요~
 (차게 식은 밥이 있다면 그대로 쓰시면 됩니다. 식은밥 활용요리가 되겠죠?)",140
1204,2,"대파와 냉동새우를 잘게 다져줍니다.
 (집에 양파가 있다면 양파도 같이 다져줍니다.)",140
1205,3,올리브유를 두르고 열기가 살짝 올라오는 약불에 대파를 먼저 넣고 볶아 대파향을 기름에 빼줍니다. 어느정도 향이 올라오면 새우를 넣고 볶아주세요. 새우는 금방 익는답니다. 다 볶은 재료는 따로 그릇에 덜어놓아 주세요. 야채의 아삭한 식감과 선명한 색을 살리기 위해서랍니다.,140
1206,4,밥 한공기에 계란 두알 풀어줬어요. 여기에 소금후추 간을 해주세요.,140
1207,5,냉동실에서 밥을 꺼내어 계란물을 섞어줍니다.,140
1208,6,계란만 싱싱하다면 이 상태에서 간장만 조금 뿌려 먹어도 맛있어요.,140
1209,7,"대파 볶아낸 팬에 남은 기름을 그대로 활용할거에요. 닦아내지 않고 그대로 밥을 볶아줍니다. 열기에 그냥 가만히 놔두면 밥버거 되어버리니, 강한 불에 재빠르게 휘릭휘릭 저어주세요. 스크램블에그하는 요령으로 재빠르게. 바닥에 조금 눌어붙는 계란은 그냥 박박 긁어가며 섞어 볶아주세요. 살짝 먹어보고 간이 모자르다면 소금후추 입맛에 맞게 뿌려주시구요~~ 이 단계에서 조금 덜 익히면 촉촉한 식감을, 조금 익혀주면 포슬한 식감을 즐길 수 있으니 취향에 맞게 조절하시면 됩니다.",140
1210,8,"밥알에 노란 계란물이 코팅되듯 익고, 나머지 계란들은 몽글몽글 해지면 불을 끄고 여열에서 아까 따로 덜어두었던 대파와 새우를 넣고 섞어줍니다.",140
1211,9,"이대로 숟가락만 가져와 먹어버려도 되지만, 우리 조금만 더 힘냅시다.",140
1212,10,동그란 밥공기에 꼭꼭 눌러담아주세요.,140
1213,11,"접시를 밥공기의 뚜껑처럼 덮었다가, 뒤집어줍니다. 밥공기를 통통통 손바닥으로 쳐서 밥 모양이 좀 잡혔다 싶으면 밥공기는 제거해주세요.",140
1214,12,"짜잔~ 동그랗게 이쁘게 나왔죠?? 마침 집에 무순이 있어서 봄에 새싹 올라오는 느낌으로 가장자리 한쪽에 데코 해줬습니다.
 자~ 다가오는 봄처럼 설레이는 색감의 차항, 완성입니다.
 담백하고 맛있게 드세요.",140
1215,1,"먼저 챠슈를 만들어주세요. 재료는 삼겹살, 대파, 홍고추, 굴소스, 맛술, 다진마늘, 간장, 설탕을 준비합니다.",141
1216,2,후라이팬을 달구기 전에 설탕 반스푼,141
1217,3,맛술 2스푼을 넣어주고,141
1218,4,간장1스푼을 넣어주고,141
1219,5,굴소스 반스푼을 넣어주고,141
1220,6,"홍고추, 대파를 넣고 물 5스푼을 넣고 잘 섞어준 다음",141
1221,7,후라이팬에 불을 올려주고,141
1222,8,삼겹살을 넣고,141
1223,9,약한불에 국물이 자작해질 때까지 졸여준다.,141
1224,10,이 정도까지 졸여지면 완성.,141
1225,11,잘 만들어진 챠슈.,141
1226,12,라면을 끓이기 위해서 야채와 고명으로 올릴 챠슈를 준비하고,141
1227,13,"야채는 숙주, 팽이버섯, 양파는 적당히 썰어주고",141
1228,14,라면끓일 물을 올리고,141
1229,15,일본식 미소된장을 2스푼 풀어준다.,141
1230,16,물이 끓기 시작하면 양파를 먼저 넣어 익혀주고,141
1231,17,라면을 넣어 익힌 다음,141
1232,18,완성되기 약 2분 정도 남았을때 팽이버섯과 숙주를 넣어준다. 입맛에 따라 청양고추는 미리 넣거나 고명으로 사용합니다.,141
1233,19,"고명으로 청양고추, 파를 송송 썰어서 올려주면 완성입니다.",141
1234,1,팬에 삼겹살을 굽는다.,142
1235,2,"삼겹살이 노릇노릇해지면 진간장, 맛술, 설탕, 다진마늘, 다진생강을 넣고 양념을 한다.",142
1236,3,고기는 잠시 건져두고 고기를 굽던 기름에 양파를 넣고 볶는다.,142
1237,4,"양파가 투명해지면 물, 다시마를 넣고 끓인다.",142
1238,5,"물이 끓기 시작하면 다시마는 건져주고 사리곰탕 스프, 된장, 사리곰탕 면을 넣고 끓인다.",142
1239,6,면이 익으면 면은 건져주고 숙주를 넣고 딱 10초간 삶는다.,142
1240,7,"면 위에 숙주, 국물, 삼겹살, 썰은 다시마, 달걀, 김, 사리곰탕 후레이크를 올려주면 완성!",142
1241,1,양파 큰 것 한 개를 큼직하게 썰어 냄비 바닥에 깔아준다.,143
1242,2,엄지 손가락 크기의 생강 한 톨도 얇게 슬라이스 한 뒤 양파 위에 깔아준다.,143
1243,3,토치로 양파와 생강의 겉면을 살짝 태워준다.,143
1244,4,"그을려진 양파와 생강에 진간장, 미림, 청하, 설탕을 넣어주고 강불로 가열하다가 끓기 시작하면 약불로 줄여 20분간 더 끓여준다.",143
1245,5,끓인 간장은 체에 걸러 건더기를 제거해준다.,143
1246,6,닭다리살을 한 입 크기로 썰어준 뒤 나무 꼬치에 통마늘과 번갈아가며 꽂아준다.,143
1247,7,완성된 꼬치는 만들어둔 간장에 담가 냉장고에서 최소 6시간동안 숙성시켜 준다.,143
1248,8,남는 간장양념에 닭다리살 또는 닭가슴살 등 닭고기를 넣어 숙성시켜준다.,143
1249,9,"6시간 이상 숙성시킨 닭꼬치, 닭고기는 기름을 살짝 두른 팬에 간장양념과 같이 넣어준 뒤 졸이듯이 노릇하게 구워준다.",143
1250,10,"완성된 데리야끼 닭다리살 구이는 한 입크기로 잘라준 뒤 밥 위에 스크램블 에그, 쪽파, 마요네즈 소스와 함께 섞어 먹는다.",143
1251,11,닭꼬치도 적당량의 간장 양념과 함께 약불에서 졸이듯이 구워준 뒤 토치로 앞뒤를 살짝 그을려 완성한다.,143
1252,1,"찹쌀가루, 뜨거운 물을 섞어서 반죽을 해준 다음 둥글게 말아준다.",144
1253,2,반죽을 찜기에 올리고 15분간 쪄준 뒤 바로 얼음물에 넣는다.,144
1254,3,꼬치에 꽂아서 식용유를 바른 후 불에 구워준다.,144
1255,4,"팬에 진간장, 미림, 설탕, 전분가루, 물을 넣고 약불로 끓여서 시럽을 만든다.",144
1256,5,구워놓은 떡에 시럽을 골고루 발라주면 완성!,144
1257,1,"카스테라 위, 아래 부분을 도려낸다.
 4~5cm 길이의 세로 모양으로 잘라준다.",145
1258,2,달걀 노른자는 체에 받쳐 걸러내고 냄비에 설탕 시럽을 넣어 끓인다.,145
1259,3,설탕 시럽이 끓기 시작하면 카스테라에 바로 노른자를 묻힌다.,145
1260,4,"설탕 시럽에 넣고 가볍게 돌려가며 코팅해준다.
 체에 받쳐 설탕 시럽을 적당히 떨어뜨린다.",145
1261,5,설탕 옷을 골고루 묻혀준다.,145
1262,1,크림치즈로 간단하게 만들어봐요! 냄비에 우유와 설탕을 넣어 충분히 저어 녹여주세요 ( 불은 아직 켜지 않은 상태),146
1263,2,실온에 두어 말랑한 상태로 만든 크림치즈와 타피오카전분을 넣어줍니다,146
1264,3,레몬즙 1스푼을 넣어줍니다.,146
1265,4,"어느 정도 풀어지면 약불에서 바닥까지 잘 저어주며 중약불로 10분 이상 끓여주는데요
 보글보글 큰 거품이 나기 시작하고 젓기 힘들 만큼 점도가 생기면 불을 끄고 다음 단계로 넘어가주세요",146
1266,5,"미리 랩을 적당한 크기로 잘라주고 얼음물처럼 차가운 물도 준비해주세요
 랩 위에 크림치즈로 만든 디저트를 얹은 후 랩으로 감싸 모양을 만들어요
 차가운 물에 30분 이상 담궈 주었다가 냉장으로 4시간 이상 굳혀주세요",146
1267,6,"제가 준비한 디저트만들기 중량은 주먹만한 크기 하나가 나올 정도라 작게 만들어봤어요
 여러 개 만드실 분들은 양을 늘려주세요",146
1268,7,"마침 디저트를 만든 시간이 저녁식사 후여서 바로 먹어봤어요! 탱글탱글 푸딩같은 찹쌀떡두부
 오늘은 일본요리로 미식여행 떠나요",146
1269,8,"팬에 물, 쯔유, 설탕을 넣어 끓여줍니다. 5분가량 끓이면 점도가 생겨요",146
1270,9,타피오카전분 1스푼에 졸이고 있는 소스 물을 넣어 덩어리가 지지 않게 섞어줍시다 골고루 잘 섞이면 소스 완성,146
1271,10,"모찌리도후만드는법 마무리는 겨자가 꼭 필요하답니다! 겨자 소량을 찹쌀떡두부에 얹어줍니다
 술안주로 좋을 것 같아요
 디저트로 드실 때는 겨자말고 메이플시럽을 뿌려드세요",146
1272,11,"먹기 직전, 만들어둔 소스를 부어줍니다. 간장인데 달짝지근한 맛이에요",146
1273,1,다시마는 미리 찬물에 불려 2컵의 육수를 만들어주고 껍질 벗긴 생강은 슬라이스로 썰어줍니다,147
1274,2,무는 껍질을 벗기고 깨끗하게 손질 후 1~1.5cm 두께로 도톰하게 썰어 단풍 모양으로 썰어 줍니다,147
1275,3,바닥이 두툼하고 무가 겹쳐지지 않을 정도 크기의 냄비에 펼쳐서 넣어 줍니다,147
1276,4,펼처 놓은 무 위에 백종원무조림 포인트 재료 생강과 매콤 칼칼 청양고추 사용하는데 베트남 고추 사용해도 좋더라고요,147
1277,5,"다시마 육수와 간장, 맛술, 흑설탕 넣어 조림장을 만들어주고요",147
1278,6,강불에서 무우조림 끓기 시작하면 뚜껑을 덮어 중불~약불 조절하면서 익혀 줍니다,147
1279,7,올리고당 넣어 윤기와 단맛을 보충해줍니다,147
1280,8,조리과정에서 살짝 흔들어 위치만 바꾸어주면서 젓지 않아도 예쁘고 맛있는 무조림 레시피 마무리합니다.,147
1281,1,"프라이팬에 준비한 스팸을 구워주세요.
 오차즈케는 차에 밥을 말아먹는 음식이기에 아무래도 싱거울 수 밖에 없어요. 그래서 후리가케와 김가루를 뿌려 먹는데, 여기에 취향에 따라 가쓰오부시/연어/명란/도미 등을 더해 먹기도 한답니다.
 주로 짭쪼름한 음식을 얹어 먹는다기에 저는 스팸통구이를 준비해서 다른 스타일로 해석해보았어요.",148
1282,2,물에 녹차 티백을 사용하여 3분에서 5분정도 진하게 우려내주세요. 찬물이나 따뜻한 물이나 취향껏 준비해주세요!,148
1283,3,넓적한 그릇에 밥을 1그릇 넣구 후리가케를 살짝 뿌린 다음 김가루를 더해주세요.,148
1284,4,스팸통구이를 올리고 마지막으로 녹차를 부어주기만 하면 끝이에요!,148
1285,1,설탕에 물을 넣고 갈색이 될때까지 끓여준다. 중간에 휘저으면 설탕이 굳어버리니 카라멜이 될때까지 저어주면 안된다.,149
1286,2,"카라멜 시럽을 오븐용 푸딩컵에 담고 우유, 설탕, 달걀을 섞어준 뒤 체에 거르고 푸딩컵에 부어준다.",149
1287,3,150도 예열한 오븐에서 30분 구워준다.,149
1288,4,구워낸 푸딩은 차게 식힌뒤 틀에서 분리하면 완성.,149
1289,1,"가지는 길이대로 반으로 갈라 반달썰기하고, 피망은 먹기 좋게 채 썬다. 시소는 1cm 폭으로 채 썬다.",150
1290,2,달군 팬에 현미유를 두르고 가지와 피망을 볶는다.,150
1291,3,가지가 노릇하게 익으면 미림과 미소된장을 넣고 한 번 더 볶는다.,150
1292,4,볶은 재료를 그릇에 담고 채 썬 깻잎를 올린다.,150
1293,1,두툼한 돈까스용 돼지 등심입니다.,151
1294,2,도마에 등심 한 쪽을 놓고 비닐팩으로 덮어줍니다.,151
1295,3,"고기망치로 두드려주는데, 비닐팩을 덮지 않으면 고기 망치에 고기가 달라 붙어서 안 좋아요.",151
1296,4,고기 두께도 얇아지고 고기 크기도 커졌어요. 이렇게 고기 망치로 두드려주거나 칼집을 넣어줘야 튀길 때 오그라들지 않아요.,151
1297,5,양파즙은 연육작용을 하고요. 소금으로 밑간을 하고 후추로 잡내를 잡아줍니다.,151
1298,6,"시판용 봉지에 든 빵가루는 건식 빵가루라서 튀길 때 고기는 덜 익고 빵가루가 건조해서 빵가루만 먼저 탈 수가 있어요.
 그래서 촉촉한 습식 빵가루를 사용하면 좋은데요, 습식 빵가루 자체를 마트에서구입할 수도 있구요.
 저는 식빵을 이용하여 직접 습식 빵가루를 만들었어요. 식빵을 비닐팩에 넣어서 냉동실에 1~2시간 넣어주어요. 분쇄기에 갈 때 훨씬 힘있게 잘 갈리거든요. 분쇄기에 갈기 좋겠금 가위로 식빵을 잘라줍니다.
 빵가루가 모자라서 식빵을 추가해주었어요.",151
1299,7,분쇄기에다 식빵을 넣고 갈아줍니다. 좀더 굵게 갈리면 더욱 좋아요,151
1300,8,"밑간한 고기를 밀가루- 달걀- 빵가루 순으로 입혀줍니다.
 이 때 빵가루는 손으로 꼭꼭 눌러서 빵가루가 잘 묻게 하고 기름에 넣을 때는 빵가루를 살짝 털어주세요. 어차피 털지 않으면 기름 속에 빵가루가 다 떨어지거든요.",151
1301,9,돈까스용 고기는 요렇게 완성되었어요.,151
1302,10,"이번에는 돈까스 소스를 만들어보겠습니다. 이 돈까스 소스는 백종원 셰프님 레시피입니다.
 소주잔으로 버터 1컵과 밀가루 1컵을 준비합니다. 이것을 볶아주면 '루'가 되는 것인데요. 서양 소스에서 많이 사용하지요.",151
1303,11,"물 2컵과 케첩과 우스터 소스를 각각 소주잔 1컵씩 준비합니다.
 하나씩 따로 넣으면 엉겨 붙을 수 있어서 볼에 모두 넣고 거품기로 저어주면 좋아요.
 우스터 소스는 서양 간장이라고 보면 되는데요. 마트에서 쉽게 구할 수 있어요. 우스터 소스가 없으면 케첩 소주잔 1컵, 설탕 소주잔 1컵, 간장 소주잔 1컵, 식초 1/2컵을 넣어 만드세요.",151
1304,12,"팬에 버터와 밀가루를 볶아주는데, 중불에서 볶아주고요. 갈색이 날 때까지 볶아줍니다. 그런 다음 우스터 소스, 케첩, 물을 섞은 것을 넣어줍니다.",151
1305,13,소스가 약하게 끓기 시작하면 설탕을 소주잔으로 1컵 넣어주고 우유도 1컵 넣어줍니다. 이 때 우유도 살짝 데워서 같은 온도로 맞춰주면 좋아요. 고루 잘 저어줍니다.,151
1306,14,마지막에 후춧가루를 넣어 완성하면 되는데요. 소스가 약간 묽은 것 같아서 저는 여기에 감자전분가루 1/2큰술과 물 1큰술을 섞어서 넣어주니 농도가 딱 좋더라구요.,151
1307,15,"돈까스를 170도에서 튀겨줍니다. 기름에 빵가루를 넣어서 떠오르거나 소금을 넣어서 소리가 '쫙' 하고 나면 고기를 튀겨주면 됩니다.
 이 때 노릇한 색상이 나오면 꺼내주는데, 너무 진한 색상이 나오지 않아야 합니다. 기름 속에서 진한 색상이 나오면 이미 탄 것이랍니다. 그러므로 생각한 색상보다 약간 이르다 싶을 때 꺼내세요.",151
1308,16,노릇노릇 잘 튀겨졌답니다. 습식 빵가루의 단점은 기름을 많이 흡수하기 때문에 기름을 빼주는 것이 중요합니다.,151
1309,17,"경양식집 돈까스 완성입니다.
 직접 만든 돈까스 소스라서 훨씬 부드럽고 맛있어요. 소스도 따뜻할 때 부어주면 좋구요.",151
1310,1,재료를 준비합니다.,152
1311,2,냄비에 버터를 녹여줍니다.,152
1312,3,버터가 다 녹으면 밀가루도 넣어주세요.,152
1313,4,"뭉친 것 없이 골고루 저어주고, 밀가루가 충분히 익을 수 있도록 볶아주세요.",152
1314,5,색이 살짝 변했을 때 우유를 넣어줍니다.,152
1315,6,잘 섞일 수 있도록 바닥까지 꼼꼼히 저어줘요.,152
1316,7,그리고 준비해둔 치즈 한장 투척!,152
1317,8,원하는 농도보다 살짝 묽을 때 불을 꺼주세요.,152
1318,9,마지막으로 소금 넣고 간 맞추시면 끝!,152
1319,10,후추 톡톡 뿌려서 드시면 됩니다.,152
1320,1,먼저 양파를 잘게 썰어주기! 딱히 크기는 상관없답니당,153
1321,2,그다음 단호박을 손질해줄거예요~! 이때 이하늬 씨가 알려준 방법은 단호박을 3분간 전자레인지에 돌려주면 감자칼로 껍질을 벗기기가 쉽다는 정보! 저도 그 방법으로 했어요! 그 다음 숟가락으로 단호박 속을 퍼내서 깔끔하게 비워주기!,153
1322,3,그다음 단호박이 잘 익도록 얇게 얇게 썰어주기!,153
1323,4,다시 한 번 조각조각 내주세요~,153
1324,5,모든 준비가 끝났으면 그다음! 냄비에 기름 또는 버터를 살짝 두르고 양파가 투명해질 때까지 볶아주기!,153
1325,6,그다음 단호박을 넣고,153
1326,7,우유를 부어주면 끝! 우유의 양은 단호박의 양을 고려해서 넣어서 끓여주다가 농도를 봐주면서 우유를 첨가해주시면 될 것 같아요!,153
1327,8,단호박이 익으면서 점차 색이 노래져요!,153
1328,9,"요로케 요로케 ~
 이때 참고로 점도가 높아서 막 여기저기 팡팡 튀기기 때문에 나뭇 주걱으로 계속 휘휘 저어주셔야 해요!",153
1329,10,계속 끓이다 보니까 농도는 어느 정도 맞춰졌는데 건더기들이 잘게 잘게 남아있어서 핸드믹서로 깔끔하게 한 번 더 갈아주었어요!,153
1330,11,"한 숟가락 드셔보시고 입맛에 따라 소금으로 간을 해주시면 될 것 같아요! 저는 간을 전혀 안 했는데도 맛있었어요
 정말 곱게 갈린 단호박! 헤헿 색 너무 예뻐요~",153
1331,12,그릇에 담아내면 초간단 다이어트요리 이하늬레시피로 만든 단호박스프 완성! 집에 브로콜리나 파슬리가루가 있다면 데코를 해주세요~,153
1332,1,계란은 미리 삶아두시구요~ 잘게 다져서 준비해둡니다,154
1333,2,감자도 삶아주세요~.,154
1334,3,오이는 소금에 절여 키친타올에 올려 물기를 꼬옥 짜주세요~,154
1335,4,삶아진 감자는 뜨거울때 으깨두시구요.. 한김 식혀두세요~,154
1336,5,으깬감자가 식으면 준비된 재료들을 담아주시고 소금과 후추로 약간 밑간만 해둡니다..,154
1337,6,버무릴 소스로는 머스타드소스와 떠먹는 요플레 그리고 마요네즈를 넣어주었어요,154
1338,1,"느끼한 음식과 곁들여 먹기 좋은
 양배추 샐러드 / 코울슬로",155
1339,2,"양배추는 먹기 편한 크기로 썰어 주시면 됩니다
 채를 썰어주셔도 좋아요",155
1340,3,양배추는 식초나 베이킹소다를 넣은 물에 약 5분간 넣어뒀다가,155
1341,4,물에 2~3번 깨끗이 씻어줍니다,155
1342,5,양파 챱챱,155
1343,6,"빨강 노랑 파프리카 챱챱
 채소들을 비슷한 크기로 깍둑썰기 해줍니다",155
1344,7,옥수수 콘은 체에 밭쳐 물기를 빼 줍니다,155
1345,8,재료 준비 완료!!!,155
1346,9,"샐러드드레싱을 만들어 줍니다
 코울슬로 드레싱 양념
 【 마요네즈 6~8 큰 술, 설탕 2~3 큰 술, 식초 2~3 큰 술, 소금 0.5 작은 술, 레몬즙 2 큰 술(선택), 후춧가루 약간 】",155
1347,10,양념을 넣고 야무지게 조물조물 무쳐주면 완성!!!,155
1348,11,"튀김류나 느끼한 음식 먹을 때
 곁들여 먹으면 좋은
 양배추샐러드 / 코울슬로",155
1349,1,"소금 약간을 넣고 물을 끓이다가 물이 끓으면 마카로니를 넣습니다.
 저는 부드러운 식감이 좋아서 오래오래 삶아줍니다. 한 12분정도~~뚜껑을 덮지말고 가끔씩 저어줍니다.",156
1350,2,"마카로니 삶는 시간은 포장지에 나와있으니 각자 입맛에 맛게 조절하면 될것 같아요.
 삶아진 마카로니는 찬물에 후다닥 헹궈서 채반에 받쳐 물기를 제거해요.",156
1351,3,"오이는 나중에 다른 재료와 무치면 물이 나오기때문에
 먼저 소금과 설탕에 재웠다가 꽉 짜서 준비합니다.",156
1352,4,"들어가는 채소나 과일은 집에 있는 재료를 이용해서 더 첨가하거나 빼주셔도 되구요
 견과류를 넣어주셔도 좋아요.
 마요네즈 2스픈/ 플레인요플레 1스픈/허니머스타드 반스픈 /레몬즙 약간/ 후추를 넣고 살살 버무려주면 마카로니콘샐러드가 완성",156
1353,1,이렇게 재료를 준비했어요.,157
1354,2,토마토는 반으로 갈라 다시 편으로 썰어놓았구요.,157
1355,3,"올리브오일과 발사믹식초를 2:1 비율로 만들어 꿀(혹은 설탕), 소금, 레몬즙,
 통후춧가루를 살짝 갈아넣구요. 양파를 다져서 함께 섞었답니다. 소금을 조금 넉넉히 넣어야 간이 맞더라구요. 0.5스픈 팍~ 넣었구요. 토마토랑 설탕은 궁합이 안좋으니 꿀이나 설탕은 생략하면 더 좋을듯 싶네요.",157
1356,4,"너무너무 쉬워요. 토마토랑 생모짜렐라치즈, 바질을 보기좋게 담은 다음 준비한 소스를 뿌려내면 끝~! 재료만 있다면 순식간에 완성할 수 있는 샐러드에요. 손님상에 내놓으면 보기도 좋고 칭찬받으실거에요",157
1357,1,자투리 식빵을 에어프라이어 160도 7~8분!,158
1358,2,로메인 또는 상추 20장을 먹기 좋은 크기로 잘라주세요.,158
1359,3,"마요네즈 3, 머스터드 0.5, 다진마늘 0.5, 레몬즙 1, 올리고당 1, 파마산 치즈가루1, 후춧가루 적당히 넣고 버물버물!",158
1360,4,"구운 식빵, 베이컨, 햄, 건포도 등 원하는 토핑을 마구마구 올려주세요.",158
1361,5,삶은 달걀을 잘라서 올려주세요.,158
1362,6,"슬라이스아몬드, 파마산치즈가루로 마무리!",158
1363,7,이젠 집에서도 카페 분위기 낼 수 있답니다,158
1364,1,참치캔 2캔 +양파 작은알1개 + 옥수수콘 반통(기호에따라 많이 넣으셔도 되용) + 마요네즈 + 머스타드 소스 이렇게 준비해줍니다,159
1365,2,"참치는 채에 걸러서 기름기를 쫘-아아악 빼주세용
 (숟가락으로 꾹꾹 눌러주세용)",159
1366,3,"양파는 곱게 잘게 다져주시구요.
 콘과 다진양파를 먼저 한곳에 담아줍니다.",159
1367,4,"마요네즈를 3바퀴정도 둘러줍니다.
 마요네즈도 본인 기호에 맞게 넣으시면 됩니다.",159
1368,5,설탕 한스푼 정도 투척,159
1369,6,후추 반스푼 투척,159
1370,7,식초 반스푼 투척,159
1371,8,허니머스타드소스 반스푼 정도 투척,159
1372,9,"기름기 쫙 빼진 참치 투척!!!
 쉐킷쉐킷 열심히 섞어주시면 됩니다",159
1373,10,"초간단 투나콘샐러드 완성!!!
 아이들도 꽤 잘먹고 어른들은 두말할것도 없지요~
 이대로 샌드위치 속으로 활용하셔도 됩니다!!",159
1374,1,먼저 냉장 상태로 배송된 소고기는 굽기 전에 1시간 정도 실온에 빼두고 냉기를 빼주세요.,160
1375,2,냉기가 빠진 소고기는 키친타올로 핏기를 닦아 주고 올리브오일을 골고루 발라주세요.,160
1376,3,"소금, 통후추를 골고루 앞뒤로 뿌려 줍니다.",160
1377,4,집에 있는 가장 두꺼운 팬이나 열전도율이 높은 무쇠팬을 센 불로 뜨겁게 달궈 준 뒤 올리브오일을 달궈 줍니다.,160
1378,5,올리브오일이 뜨겁게 달궈지고 연기가 나기중 불로 낮춘 뒤 고기를 올려 주세요. 이때 고기는 오일에 튀겨진다는 느낌으로 구워주세요.,160
1379,6,"온도는 중불에서 낮추지 않고 총 6-7분 동안 구워내줍니다. 굽기 미디엄에서 미디엄 웰던 정도의 굽기로 구워드실 분들은 앞면 2분 30초, 뒷면 2분 30초, 양 옆면 30초씩 2번을 구워 줍니다.",160
1380,7,마지막 옆면이 구워지고 나면 버터와 로즈마리를 넣고 버터를 고기로 끼얹어줍니다.,160
1381,8,고기의 겉면을 크리스피 하게 구워줘야 굽고 나서 고기 겉면으로 육즙이 새어 나오지 않아요.,160
1382,9,호일에 구워진 고기를올려 준 뒤 로즈마리와 함께 싸서 충분히 래스팅 시켜 줍니다. 고기를 총 7분 정도 구웠다면 레이 스팅은 15분 정도 시켜주시면 딱 좋아요~!,160
1383,10,"고기를 레스팅 시킬 동안 고기 구워낸 팬은 키친타올 한 번 닦아 준 뒤 그대로 올리브오일을 넣고 고기 느타리버섯에 소금, 후추 간을 해준 뒤 버섯이 한숨 죽으면 발사믹식초를 뿌려 불을 끄고 잔열에서 섞어 주세요.",160
1384,11,플레이팅 할 접시나 도마에 볶은 버섯을 올리고 래스팅이 끝난 고기를 먹기 좋은 사이즈로 잘라 올려 주세요~,160
1385,12,와사비와 홀그레인머스타드를 곁들여 드시면 겉바속촉 스테이크 완성~!,160
1386,1,목살은 연육작용을 위해 칼등으로 두드려 준다.,161
1387,2,목살 400g은 예열된 강불에서 앞뒤로 노릇하게 굽는다.,161
1388,3,목살이 어느정도 익으면 버터 2스푼을 넣고 앞뒤로 더 구워준다.,161
1389,4,"분량의 소스(굴소스4,돈까스소스6,설탕4,맛술4,물180ml)를 넣어 끓인다.",161
1390,5,소스가 걸쭉해지면 완성!,161
1391,1,"연어에 굵은 소금, 후추, 맛술, 올리브 오일을 넣고 잠시 재워두세요.",162
1392,2,연어를 기름을 두르지 않은 후라이팬에 넣고 겉면만 살짝 익혀주세요.,162
1393,3,데리야끼 소스 재료를 넣은 냄비를 살짝 끓이고 그 안에 연어를 넣고 졸여주세요.,162
1394,1,재료를 준비합니다.,163
1395,2,"쇠고기는 키친타올에 올려 핏물을 제거하고, 사방 3센치 크기로 자른 후 올리브유 1큰술과 마늘편, 약간의 소금, 후추를 뿌려서 5분 정도 재워주세요.",163
1396,3,"오이고추와 파프리카, 양파는 먹기 좋은 크기로 잘라주세요. 마늘은 편으로 썰고, 양송이버섯은 2등분해서 잘라주세요. 볼에 소스재료를 넣고 잘 섞어주세요.",163
1397,4,"팬에 버터 1큰술을 두르고, 마늘편과 고기를 넣어 고기의 겉면을 익히다가",163
1398,5,"손질한 야채를 넣고 1분 정도 볶은 후, 약간의 소금과 후추로 간을 해주세요. 소스를 넣어 골고루 섞어지면 불을 끄고 파슬리가루를 뿌려주시면 완성!",163
1399,1,"닭다리살 400g
 (닭가슴살을 사용하셔도 좋아요)
 쯔유 2T
 소금1/2t
 올리고당 2T
 다진 마늘 2T
 통후추1t
 올리브유 2T
 쯔유 대신 진간장을 사용하셔도 돼요.
 쯔유는 진간장보다 감칠맛과 단맛이 더 난답니다",164
1400,2,고기에 양념을 해줄게요,164
1401,3,쯔유 2큰술,164
1402,4,소금 1/2작은술,164
1403,5,올리고당 2큰술,164
1404,6,다진 마늘 2큰술,164
1405,7,통후추 1작은술,164
1406,8,잘 섞어주세요,164
1407,9,마지막으로 올리브유 2큰술도 넣어줄게요,164
1408,10,다시 한 번 고기를 잘 주물러주세요,164
1409,11,이제 고기를 숙성시키기 위해 랩을 씌울게요,164
1410,12,"바로 구워 드셔도 되지만,
 반나절 정도 냉장고에 숙성시키면
 고기에 간이 더 잘 베여서 맛있어요",164
1411,13,반나절 숙성시킨 고기를 냉장고에서 꺼내고,164
1412,14,예열된 후라이팬에 구워볼게요,164
1413,15,닭 껍질 부분이 아래쪽으로 향하게 놓고 구워주세요,164
1414,16,그리고 곧바로 물을 100ml정도 부어주세요,164
1415,17,이제 뚜껑을 닫고 중불에서 5분정도 익혀줄게요,164
1416,18,5분이 지나면 뚜껑을 열고 고기를 한 번씩 뒤집어주세요,164
1417,19,다시 뚜껑을 닫고 중불에서 5분정도 익혀주세요,164
1418,20,다시 5분이 지나면 뚜껑을 열고 고기를 뒤집어주세요,164
1419,21,이제 고기가 타지 않게 잘 살펴보면서 골고루 익혀주세요,164
1420,22,노릇노릇 맛있게 구워지고 있어요,164
1421,23,이제 그릇에 담아볼게요,164
1422,24,입에서 살살 녹는 닭다리살 스테이크 완성,164
1423,1,"소고기는 키친타올로 핏물을 제거하고 소금, 후추 톡톡톡, 올리브유 적당량을 뿌려 밑간해두기",165
1424,2,마늘은 편썰고 양파 파프리카 감자 당근 토마토는 깍둑썰기(뭉근히 오래 끓일 거라 한 입 크기로 크게 잘라주세요),165
1425,3,달군 팬에 소고기를 넣고 다 익히지 말고 전체적으로 회갈색이 돌도록 볶은 뒤 그릇에 옮겨두기,165
1426,4,고기 볶은 팬 그대로 버터를 넣어 녹이기,165
1427,5,마늘과 양파를 넣어 노릇노릇하게 굽기,165
1428,6,당근 감자 파프리카를 넣고 감자가 반 정도 익을 때까지 볶기,165
1429,7,소고기와 토마토를 넣고 볶기,165
1430,8,"토마토소스 3컵, 액상 치킨스톡 3, 물 400ml를 넣기",165
1431,9,강불에서 끓이다 끓어오르면 중약불로 줄여 걸쭉한 농도가 될 때까지 30분 정도 끓이기,165
1432,10,간을 보고 기호에 맞게 소금 후추 간한 뒤 한소끔 끓이면 완성,165
1433,1,재료 준비해 주세요,166
1434,2,"애호박과 당근은 웨이브칼로 썰고
 질감이 무른 가지는 칼로 약간 두께감 있게 썰어 주세요",166
1435,3,"마늘은 편으로 썰고 적양파는 잘게 다지고
 토마토는 가지와 비슷한 두께로 반원썰기해 주세요",166
1436,4,"팬에 버터 넣고 녹으면 썰은 채소 올려
 소금과 후추 약간 뿌리고
 앞, 뒤 뒤집어 가며 70% 정도만 익혀 주세요",166
1437,5,"냄비에 올리브유 두르고 마늘과 양파 넣고 볶아 향을 내 준 다음
 토마토 소스와 물을 넣고 농도 맞춘 후 소금 약간 넣고
 냄비 뚜껑 닫고 5분 정도 끓여 주세요",166
1438,6,"불 끄고 냄비에 구운 채소 색깔 맞춰
 가장자리 부터 빙 둘러 담아 주세요",166
1439,7,군데 군데 월계수잎을 꽂아 주세요,166
1440,8,"불위에 올려 끓으면 낮춘 후 중불에서 10분 정도
 보글보글 끓여 주면 라따뚜이 완성!!
 파마산 치즈가루와 파슬리 가루 뿌려 주면
 풍미와 맛이 업그레이드 된답니다",166
1441,1,"밑간하기
 새우에 소금과 후추로 밑간을 한다.",167
1442,2,"재료 손질하기
 마늘과 양송이버섯을 손질한다.",167
1443,3,"바게트 굽기
 준비한 바게트 빵을 겉이 바삭하게 살짝 굽는다.",167
1444,4,"올리브유에 졸이기
 중약불에서 올리브유를 가열한 뒤 마늘을 넣어주고
 마늘이 익을 때쯤 버섯을 넣어준다.",167
1445,5,"마지막 간하기 & 마무리
 마지막으로 새우를 넣어 익혀주고 후추와, 허브, 파슬리를 넣고 마무리한다.",167
1446,1,깨끗하게 씻은 양송이버섯 심 부분을 살짝 누른 후 옆으로 꺾어서 분리시켜 주세요.,168
1447,2,양송이버섯을 모두 손질하여 주세요.,168
1448,3,통마늘 약 15개를 큼직 큼직하게 다져주세요.,168
1449,4,베이컨 3줄을 잘게 다져서 준비해 줍니다.,168
1450,5,다져놓은 재료들 위에 파슬리가루를 4~6차례 정도 듬뿍 뿌려주세요.,168
1451,6,재료들을 잘 섞어줍니다.,168
1452,7,재료들을 후라이팬에 볶아주세요. 마늘이 모두 익을때까지 볶아주세요. 다 볶아진 재료는 그릇에 따로 담아줍니다.,168
1453,8,"후라이팬에 올리브유를 3T정도 넣은 후, 양송이버섯을 뒤집어서 넣고 익혀주세요. 이때 소금 한꼬집을 뿌려줍니다.",168
1454,9,뒷면이 노릇하게 익으면 모두 뒤집어주세요. 이때 기름을 또 3T 정도 넣어줍니다.,168
1455,10,버섯안에 만들어 놓은 재료를 듬뿍 올려주세요.,168
1456,11,중간 중간 기름이 부족하면 올리브유를 추가해주세요. 그리고 소금 한꼬집을 뿌려주세요.,168
1457,12,고급져보이는 비주을의 스페인 타파스 양송이버섯구이 완성이에요!,168
1458,1,새우는 깨끗이 씻어 손질한 후 물기를 키친타올로 제거해준 다음에 소금과 후추로 밑간을 가볍게 해주어 조물조물 해주세요,169
1459,2,팬에 식용유 2큰술과 버터 2큰술을 넣어 약불로 녹여준 다음에,169
1460,3,다진마늘 여섯 큰술을 넣어 볶아주세요 마늘을 넣고 볶을때부터는 중약불로 조절해서 볶아주었어요,169
1461,4,마늘향이 충분히 올라오면 미리 밑간을 해두었던 새우를 넣어 앞뒤로 골고루 익을 수 있게 볶아주세요 이렇게 볶아 놓으면 새우 준비는 끝이랍니다!,169
1462,5,이제 소스를 만들건데요 연유 2큰술에 핫소스 1큰술,169
1463,6,마요네즈를 초코파이 크기로 6바퀴 둘러주고 다진마늘을 2큰술 넣어 섞어주면 마성의 새우 타파스 소스가 완성이 돼요,169
1464,7,상추와 바질을 먹기 좋은 크기로 썰어주고 방울토마토도 슬라이스해서 썰어 준비해 주세요,169
1465,8,이어서 만두피를 튀길건데요 팬에 식용유를 넉넉히 두른 다음 만두피를 앞뒤로 튀기듯이 구워주세요,169
1466,9,튀겨진 만두피에 미리 만들어두었던 소스를 골고루 펴 발라준 후 볶아두었던 새우 2미를 올려주세요,169
1467,10,준비해 놓았던 상추와 바질을 올려주고 색감을 위해 방울토마토도 올려주면 끝이랍니다 편스토랑의 류수영 씨는 타파스 위에 고추도 튀기고 고추도 올린 후 마지막에 레몬 껍질도 갈아서 올려주셨는데 저는 없어서 생략했어요,169
1468,1,베이컨 5줄을 얇게 썰어주세요.,170
1469,2,비엔나소세지도 동글동글 얇게 썰어줍니다.,170
1470,3,캔옥수수도 체에 받쳐 물기를 빼주세요.,170
1471,4,양파도 반개도 얇게 채썰어줍니다. 이외에 취향에 맞게 토핑을 준비해주시면 됩니다. 저는 아이들이 먹는거라 아이들이 원하는 토핑만 준비했어요.,170
1472,5,토마토소스 준비해주고,170
1473,6,종이호일에 또띠아를 깔아줍니다.,170
1474,7,그리고 토마토소스를 얇게 발라주고,170
1475,8,피자치즈를 조금 뿌려 접착제의 역할을 하게 만들어줍니다.,170
1476,9,그위에 취향대로 토핑을 올려주세요,170
1477,10,저는 준비한 토핑을 몽땅 올렸습니다. 그리고 피자치즈를 넉넉하게 뿌려주세요.,170
1478,11,에어프라이어 180도에 8분정도 조리해주면 또띠아피자 완성입니다. 또띠아로 만들어 바삭한 씬피자처럼 만들어져서 맥주안주로도 아주 좋습니다.,171
1479,1,방울토마토는 반으로 썰고 레몬 씨를 빼주세요,171
1480,2,"팬에 올리브오일, 썬 마늘, 토마토, 소금, 건바질을 넣고 볶아주세요",171
1481,3,"스파게티면을 깔고 물과 화이트와인을 넣고 9분동안 끓여주세요, 물이 부족해지면 추가해주세요",171
1482,4,"새우, 후추를 넣고 2분 더 끓여주세요",171
1483,5,불을 끄고 바질과 파마산치즈가루를 뿌리면 완성!,171
1484,1,마늘을 편으로 썰은 후 팬에 올리브오일과 함께 넣어 볶아주세요,172
1485,2,"스파게티면을 깔고 물, 페퍼론치노, 소금을 넣고 9분동안 끓여주세요, 물이 부족해지면 추가해주세요",172
1486,3,"불을 끄고 파슬리, 멸치액젓을 섞으면 완성!",172
1487,1,토마토를 반으로 썰고 버섯을 편썰어주세요,173
1488,2,팬에 베이컨과 소세지를 굽다가 썰은 재료를 넣어주세요,173
1489,3,소세지가 노릇해지면 한쪽으로 밀고 남은 공간에 달걀을 깨주고 소금을 뿌려주세요,173
1490,4,달걀 흰자가 다 익으면 불을 끄고 후추와 허브를 뿌려주세요,173
1491,5,베이크드 빈즈는 다른 냄비에 따로 끓이면 완성!,173
1492,1,찬물에 소금을 잔뜩 풀고 모시조개를 넣어 30분 동안 해감을 한 다음 흐르는 물로 씻어내요,174
1493,2,"방울토마토는 반으로 썰고 대파, 마늘도 썰어주세요",174
1494,3,"팬에 올리브오일, 썬 마늘, 방울토마토, 소금을 넣고 볶아주세요",174
1495,4,스파게티면을 깔고 물을 넣은 다음 5분동안 끓여주세요,174
1496,5,"모시조개를 한번 더 씻은 후 대파, 화이트와인과 같이 팬에 넣어 5분간 끓여주세요",174
1497,6,"불을 끄고 파슬리, 파마산치즈가루, 후추를 뿌리면 완성!",174
1498,1,마늘은 다져주고 양파는 작게 썰어주세요,175
1499,2,"물에 아몬드우유 150ml, 후추, 소주, 레몬즙을 넣고 섞어주세요",175
1500,3,"팬에 올리브오일, 양파, 마늘, 다진 아몬드, 스파게티면과 아몬드우유를 섞은 물을 넣고 8분동안 끓여주면서 저어주세요",175
1501,4,"설탕, 아몬드우유 100ml를 넣고 2분 더 끓여주세요",175
1502,5,불을 끄고 파슬리를 뿌리면 완성!,175
1503,1,"양파, 당근을 다져주고 고추는 큼직하게 썰어주세요",176
1504,2,"팬에 양파, 당근, 다진돼지고기를 넣고 볶다가 고추장과 토마토소스를 넣고 볶아주세요",176
1505,3,물과 스파게티면을 넣고 8분동안 끓여주세요,176
1506,4,불을 끄고 파마산치즈가루를 뿌려주면 완성!,176
1507,1,마늘은 다져준다음 팬에 올리브오일과 함께 넣고 볶아주세요,177
1508,2,"물, 소금, 스파게티면을 넣고 7분동안 끓여주세요",177
1509,3,참치캔의 기름은 따른 후 페퍼론치노와 같이 넣어 2분동안 끓여주세요,177
1510,4,불을 끄고 레몬즙과 파슬리를 섞으면 완성!,177
1511,1,양파는 작게 썰고 감자는 껍질을 벗기고 단풍모양으로 얇게 썬 다음 찬물에 담궈주세요,178
1512,2,팬에 올리브오일을 부은 후 양파와 감자를 넣고 볶아주세요,178
1513,3,큰 그릇에 달걀을 깨서 섞은 다음 볶은 감자와 양파를 집어서 넣고 소금과 후추를 적당히 뿌린 후 섞어주세요,178
1514,4,섞은 재료를 팬에 넣고 6분동안 약불로 익혀준 다음 접시 위에 익은 면을 뒤집어주세요,178
1515,5,팬에 올리브오일을 살짝 두르고 익지 않은 면을 아래로 다시 팬에서 약불로 5분동안 익혀주면 완성!,178
1516,1,밀가루에 실온에 둔 버터를 썰어 넣고 손가락으로 뭉쳐주세요,179
1517,2,반죽이 고슬고슬해지면 달걀 하나를 넣고 적당히 뭉친 다음 냉장고에 넣어주세요,179
1518,3,사과 껍질을 벗기고 4조각으로 자른 후 씨를 빼주세요,179
1519,4,"팬에 계피가루, 설탕, 갈색설탕, 물, 바닐라액을 넣고 끓이며 계속 젓다가 사과를 넣고 약불에 15분 조려줘요",179
1520,5,반죽을 꺼내 팬보다 크게 민 다음 팬 위를 반죽으로 막고 가장자리를 꾹꾹 눌러주세요,179
1521,6,반죽위에 작은 구멍을 내고 180도로 예열한 오븐에 30분 동안 구워주세요,179
1522,7,오븐에서 꺼내 몇 분 식힌다음 그릇에 뒤집으면 완성!,179
1523,1,깨끗하게 씻은 굴 1kg을 수부닝 모두 날라갈 때까지 끓인다.,180
1524,2,"수분이 모두 날라가면 올리브오일, 다진마늘, 페퍼론치노, 파슬리를 넣고 끓이면 완성!
 유리통에 넣고 보관하면 2주간 먹을 수 있다.",180
1525,1,"볼에 생크림, 쪽파를 넣고 섞는다",181
1526,2,"후라이팬에 올리브 오일, 베이컨, 양파, 새우, 고춧가루, 맛술, 다진마늘, 소금, 후추를 넣고 볶는다",181
1527,3,"볶은 재료에 볼안의 재료와 삶은 페투치네면, 면수 약간, 파마산치즈가루를 넣고 섞는다",181
1528,4,간장을 넣고 풍미를 더해주면 완성!,181
1529,1,통목살 앞 뒤 소금과 후추를 듬뿍 뿌린 후 170도 에어프라이어에서 30분간 굽는다,182
1530,2,30분 뒤 팬에 식용유를 두르고 고기의 겉면을 바삭하게 굽는다,182
1531,3,"고기를 꺼낸 후 굽던 팬에 새송이버섯, 마늘을 넣고 굽는다",182
1532,4,"야채를 꺼낸 후 버터, 다진 사과와 양파를 넣고 볶는다",182
1533,5,"볶은 사과에 생크림, 소금, 후추, 홀그레인머스타드를 넣고 섞으면 사과 크림소스를 만들 수 있다!",182
1534,6,"접시에 썰은 통목살과 새송이버섯, 마늘을 담고 사과 크림소스, 파슬리를 얹으면 완성!",182
1535,1,"녹인 버터, 다진마늘, 마요네즈, 설탕, 소금, 파슬리를 섞어 식빵에 발라준다",183
1536,2,"식빵 위에 꿀, 모짜렐라 치즈를 올리고 180도 에어프라이어에 8분간 구우면 완성!",183
1537,1,식빵을 한 입 크기로 자른 다음 기름을 두르지 않은 팬에 넣고 바삭해질 때까지 굽는다,184
1538,2,"다른 팬에 버터, 설탕을 넣고 갈색빛이 될 때까지 끓인다",184
1539,3,갈색빛이 돌면 식빵에 부은 다음 섞어주면 완성!,184
1540,1,통식빵에 우물 정 모양으로 칼집을 내준 다음 사이사이에 버터를 끼우고 꿀을 뿌린다,185
1541,2,에어프라이어 180도에 15분간 굽는다,185
1542,3,"그동안 팬에 설탕, 소금, 생크림을 넣어 카라멜 시럽을 만든 후 짤주머니에 넣는다",185
1543,4,"그릇에 카라멜 시럽, 슈가파우더, 계피가루를 뿌린 뒤 구운 식빵을 올린다",185
1544,5,"식빵 위에 슈가파우더, 계피가루를 한번 더 뿌려준다",185
1545,6,"볼에 휘핑크림, 설탕, 크림치즈를 넣고 섞은 다음 빵 위에 카라멜 시럽과 같이 올려주면 완성!",185
1546,1,"실온에 둔 버터, 다진 바질과 마늘을 섞어 종이호일로 잘 감싸고 냉장고에 1시간 동안 넣어서 굳힌다",186
1547,2,"팬에 올리브오일, 소고기를 넣고 굽다가 만들어놓은 갈릭바질버터를 넣고 고기에 끼얹어주면서 굽는다",186
1548,3,소금과 후추를 뿌린 후 쿠킹호일에 감싸서 7분간 레스팅하면 완성!,186
1549,1,다이제를 지퍼백에 넣고 잘게 부신다,187
1550,2,케이크 틀 위에 종이호일을 깔고 녹인 버터와 다이제를 넣고 섞는다,187
1551,3,숟가락으로 평평하게 만들고 냉장고에 넣어서 딱딱하게 굳힌다,187
1552,4,"실온에 둔 크림치즈, 설탕, 달걀 2개를 섞는다",187
1553,5,생크림을 넣고 한번 더 섞는다,187
1554,6,타르트지에 완성된 크림을 붓고 190도 오븐에 30분간 굽는다,187
1555,7,오븐에서 꺼낸 케이크를 냉장고에 5시간 이상 넣어두면 완성!,187
1556,1,"계란, 우유, 설탕, 맛소금을 모두 섞어 계란물을 만든다",188
1557,2,지퍼백에 씨리얼을 넣고 손으로 적당한 입자로 으깬다,188
1558,3,식빵이 눅눅해질 정도로 앞뒤로 계란물을 묻힌 뒤 씨리얼로 덮어준다,188
1559,4,"팬에 버터, 식용유를 넣고 녹인 뒤, 식빵을 튀기듯이 앞뒤로 구워준다",188
1560,5,완성된 프렌치 토스트는 크림치즈와 누텔라를 1:1로 섞은 초코소스와 함께 먹으면 맛있게 먹을 수 있다!,188
1561,1,"그릇에 양상추, 방울토마토, 오이, 삶은 달걀, 크래미, 스위트콘, 현미밥을 넣는다",189
1562,2,팬에 올리브유를 두르고 새우를 볶아준 다음 그릇에 올려준다,189
1563,3,우삼겹을 노릇노릇하게 구운 다음 그릇 위에 올린다,189
1564,4,팬에 식용유를 두르고 연어에 소금과 후추로 간을 해준 다음 앞뒤로 구워준다,189
1565,5,팬에 올리브유를 넉넉히 두르고 양파를 넣은 다음 양파가 진한 갈색이 될 때까지 약불로 천천히 졸인다,189
1566,6,키친타올로 기름을 닦아주면 양파 플레이크를 만들 수 있다,189
1567,7,"마요네즈, 레몬즙, 스리라차소스, 진간장, 빻은 참깨를 섞어서 소스를 만든 다음 뿌려주면 완성!",189
1568,1,"당근, 양파, 마늘, 샐러리를 먹기 좋은 크기로 썰어서 냄비에 넣고 오렌지 껍질도 같이 담는다",190
1569,2,"월계수잎, 타임, 레드와인을 넣고 냉장고에서 12시간 재운다",190
1570,3,"냄비에 올리브오일을 넣고 큰 조각의 소고기를 굽다가 전날 재운 야채를 넣고 토마토소스, 밀가루를 넣고 끓인다",190
1571,4,"팬에 버터, 베이컨, 양송이버섯을 넣고 볶다가 냄비에 넣고 180도 오븐에 3시간 조리하면 완성!",190
1572,1,"방울토마토는 반으로 잘라주고 시금치, 양파, 버섯, 베이컨도 적당한 크기로 썰어준다",191
1573,2,"볼에 달걀 4개, 소금, 후추, 우유를 넣고 섞어준다",191
1574,3,"팬에 올리브오일, 양파, 버섯, 베이컨, 소금, 후추를 넣고 볶다가 시금치, 방울토마토를 넣고 더 볶아준다",191
1575,4,"시금치의 숨이 죽으면 달걀물, 모짜렐라치즈를 넣고 불을 약불로 줄인 뒤 뚜껑을 닫아 5분간 익혀주면 완성!",191
1576,1,가지는 세로로 잘라주고 소금과 후추를 뿌려준 다음 10분 후 키친타올로 물기를 제거해준다,192
1577,2,"팬에 올리브오일, 가지를 넣고 굽다가 노릇해지면 뺀다",192
1578,3,가지 두장을 겹치고 그 위에 모짜렐라치즈를 올린 다음 말아준다,192
1579,4,"팬에 적당히 자른 양파, 파프리카, 다진마늘, 올리브오일을 넣고 볶다가 토마토소스를 넣고 볶는다",192
1580,5,그릇 아래에 소스를 깔고 가지를 올린 다음 전자레인지에 3분 돌리면 완성!,192
1581,1,"파프리카, 양파, 소시지를 작게 다져준다",193
1582,2,"식빵에 케첩과 마요네즈를 발라준 후 스위트콘, 파프리카, 양파, 소시지를 올린다",193
1583,3,"모짜렐라치즈, 파슬리를 올린 후 에어프라이어에서 180도로 10분간 구워주면 완성!",193
1584,1,냉동대구는 하루동안 해동한 다음 소금을 살짝 뿌려서 15분 동안 냉장고에 두었다가 물로 씻어낸다,194
1585,2,"종이 호일 위에 레몬, 냉동대구, 마늘, 올리브유 순서대로 쌓은 후 에어프라이어에서 160도로 10분간 구워준다",194
1586,3,"으깬 마늘 5쪽을 마요네즈, 레몬즙과 섞어 아이올리 소스를 만들고 토마토는 강판에 간 다음 소금, 파프리카가루를 넣고 졸여 토마토소스를 만든다",194
1587,4,"그릇에 토마토소스, 대구, 아이올리 소스, 꿀을 순서대로 얹으면 완성!",194
1588,1,물에 소금을 넣고 감자를 40분 삶는다,195
1589,2,"삶은 감자는 키친타올에 물기를 제거하고 리코타치즈, 소금, 후추를 넣고 포크로 으깬다",195
1590,3,밀가루를 체에 걸러 넣고 달걀도 풀어 반죽에 넣는다,195
1591,4,마지막으로 타임을 넣고 반죽을 적당히 치댄다,195
1592,5,"반죽을 길죽한 모양으로 만들어 먹기 좋은 한입 크기로 떼내고, 포크에 굴려 뇨끼 모양을 만든다",195
1593,6,올리으 오일을 넣는 끓는 물에 넣어 물에 뜰때까지 삶아준다,195
1594,7,"팬에 올리브오일, 삶은 뇨끼를 넣고 볶으면서 소금, 후추로 한번 더 간을 해준다",195
1595,8,"뇨끼가 앞뒤로 노릇하게 잇기 시작하면 완두콩을 넣고 버터, 타임, 레몬즙을 넣어준다",195
1596,9,마지막으로 뇨끼에 파마산치즈가루를 뿌리면 완성!,195
1597,1,"끓는 물에 스파게티면, 소금을 넣고 6분간 삶아 줍니다",196
1598,2,"양파, 베이컨을 먹기 좋은 크기로 썰어 줍니다",196
1599,3,"팬에 올리브오일, 마늘, 양파, 베이컨, 소금, 후추를 순서대로 볶아줍니다",196
1600,4,팬에 삶은 스파게티면 넣고 토마토 소스 넣고 간이 충분히 베도록 1분정도 볶아 줍니다,196
1601,5,접시에 담아 모짜렐라 치즈를 듬뿍 올리고 전자레인지에 3분 돌려 줍니다,196
1602,6,맛있게 먹습니다!,196
1603,1,크림치즈에 설탕을 넣어 덩어리 없이 풀어준다,197
1604,2,그 다음 생크림을 넣고 살살 저어준다,197
1605,3,깊이가 있는 통에 얇게 자른 카스텔라를 한장 넣고 커피가루와 뜨거운 물로 만든 커피를 적신다,197
1606,4,그위에 크림을 두툼하게 올린다,197
1607,5,"빵, 커피, 크림을 또 올린다",197
1608,6,냉장고에 4시간 보관 후 코코아파우더를 뿌려 먹는다,197
1609,1,"볼에 노른자를 풀어주고 설탕, 박력분을 넣고 섞어줍니다",198
1610,2,실온의 우유를 40초 데워서 넣고 섞어줍니다,198
1611,3,"냄비에 끓여줍니다. 이때 응고되기 시작하면서 점성이 강해지는데 불 끄지 마시고 조금만 더 저으면서 끓여주시면 다시 부드러워져요, 이 때 불을 꺼주세요",198
1612,4,버터를 넣고 섞어준 다음 랩으로 감싸서 냉장고에서 1시간 또는 냉동실에서 20분 동안 차갑게 식혀줍니다,198
1613,5,생크림에 설탕을 넣고 단단하게 휘핑해줍니다(커스터드 크림이 식을 때까지 냉장보관),198
1614,6,차갑게 식은 커스터드 크림을 체에 거른 후 생크림과 섞어줍니다,198
1615,7,바나나와 계란과자를 넣고 섞어줍니다,198
1616,8,용기에 담은 후 6시간 동안 냉장 보관,198
1617,1,"팬에 우유, 설탕을 넣은 다음 중약불로 데운다",199
1618,2,설탕이 녹으면 버터를 넣고 걸쭉해질때까지 끓이다가 불을 끈다,199
1619,3,볼에 우유를 담고 코코아 파우더 100g을 체에 걸러 섞다가 30g을 추가로 넣어 섞어준다,199
1620,4,다 섞여지면 평평하게 렙에 감싸 냉장고에서 40분 식힌 후 남은 코코아 파우더를 뿌린다,199
1621,5,먹기 좋은 크기로 자르면 완성!,199
1622,1,가위로 우유팩 한쪽을 자르고 머리 부분을 엮어서 틀을 만들어주세요,200
1623,2,통밀쿠키는 지퍼백에 넣어 잘게 부숴준 다음 녹인 버터를 넣고 섞어주세요,200
1624,3,틀에 넣고 평평하게 만든 다음 냉장고에서 30분 굳혀 주세요,200
1625,4,차가운 생크림을 볼에 담고 얼음물을 받쳐준 다음 설탕을 넣고 거품기로 10분간 저어주세요,200
1626,5,크림치즈에 설탕을 넣고 주걱으로 풀어준 다음 생크림을 3번 나눠 섞어주세요,200
1627,6,냉장고에서 차갑게 굳힌 쿠키 바닥 위에 크림을 얹고 평평하게 정돈해주세요,200
1628,7,밀폐해서 냉동실에 5시간 넣어둔 다음 꺼내서 먹기 좋은 크기로 썰어주세요,200
